legal_entity_id,cluster
41165867,19020102.0|Lenovo
41165867,24200201.0|Kyocera
41165867,24311101.0|Dauphin
41165867,19020503.0|Logitech
41165867,19020102.0|Samsung
41165867,19069203.0|Jabra
41165867,19020401.0|Logitech
41165867,24200101.0|HP
41165867,40011201.0|Unbekannt
41165867,27110303.0|LEDVANCE
41165867,19060106.0|Apple
41165867,29041601.0|Hochwald
41165867,19029002.0|Zebra
41165867,21100412.0|Schaefer Group
41165867,24200201.0|HP
41165867,19060106.0|Samsung
41165867,19030209.0|Western Digital
41165867,24311101.0|RS Pro
41165867,24310101.0|Kaiser+Kraft
41165867,29040701.0|Intersnack
41165867,24291605.0|ELBA
41165867,19020402.0|Logitech
41165867,39020102.0|Unbekannt
41165867,27110636.0|Philips
41165867,27050401.0|Quality Batteries
41165867,41020203.0|SOLO INVEST
41165867,27110690.0|LEDVANCE
41165867,40030201.0|Kimberly-Clark
41165867,19030117.0|HP
41165867,24260605.0|HP
41165867,29110105.0|Kimberly-Clark
41384385,24250401.0|edding
41384385,19020402.0|Logitech
41384385,27200303.0|Janitza
41384385,27119001.0|Ledlenser
41384385,21040401.0|Wera
41384385,21059202.0|Milwaukee
41384385,19069203.0|Jabra
41384385,21040402.0|Wera
41384385,27119090.0|Ledlenser
41384385,21040301.0|Knipex
41384385,21070301.0|Fetra
41384385,19020503.0|Logitech
41384385,21100701.0|Zarges
41384385,21040202.0|Wera
41384385,21040401.0|Wiha
41384385,29042901.0|Lavazza
41384385,24210590.0|Bedifol
41384385,21059202.0|Bosch
41384385,19089204.0|Apple
41384385,19020401.0|Logitech
41384385,24311101.0|Topstar
41384385,21109102.0|META
41384385,27119001.0|Milwaukee
41384385,21052101.0|Milwaukee
41384385,27200301.0|Fluke
41384385,21052190.0|Milwaukee
41384385,21040222.0|Wera
41384385,21100414.0|Stumpf Metall
41384385,21040202.0|Hazet
41384385,29120102.0|VAR Fahrzeug- und Apparatebau
41384385,24200101.0|HP
41384385,23110101.0|Reyher
41384385,27141901.0|Siemens
41384385,27142201.0|ABB
41384385,29029004.0|Kärcher
41384385,24280890.0|Wolk
41384385,21170306.0|Mitutoyo
41384385,40200102.0|Wolk
41384385,21051314.0|Milwaukee
41384385,23190110.0|ABUS
41384385,21040901.0|Erwin Halder
41384385,27143204.0|Dancop
41384385,19069203.0|Sony
41384385,27140612.0|OBO BETTERMANN
41384385,27110410.0|Ledino
41384385,29110107.0|Tork
41384385,21100201.0|Bedrunka+Hirth Gerätebau
41384385,19069203.0|GN Audio Germany
41384385,29042901.0|Melitta
41384385,27110303.0|Paulmann
41384385,21059202.0|Makita
41384385,40200102.0|Kroschke
41384385,19069203.0|Bose
41384385,19020402.0|Microsoft
41384385,21070301.0|Bauer
41384385,19080702.0|StarTech.com
41384385,24311105.0|Mey Chair Systems
41384385,24280890.0|Schilder Klar
41384385,36430990.0|ebm-papst
41384385,27260701.0|OBO BETTERMANN
60145311,24210590.0|PanzerGlass
60145311,19029003.0|Newland
60145311,19020503.0|Logitech
60145311,19020402.0|Logitech
60145311,19089204.0|Apple
60145311,29029104.0|JURA
60145311,19069203.0|HP
60145311,27050604.0|Apple
60145311,19010107.0|Lenovo
60145311,19069203.0|Jabra
60145311,24200201.0|Brother
60145311,29120101.0|SC Johnson
60145311,19029004.0|Microsoft
60145311,24321202.0|Brother
60145311,19020402.0|Cherry
60145311,19069203.0|Poly
60145311,19069092.0|Apple
60145311,24360204.0|Wenger
60145311,27050604.0|Voltcraft
60145311,19020401.0|Logitech
60145311,21040301.0|Knipex
60145311,30021690.0|JURA
60145311,23330190.0|Henkel
60145311,19070103.0|Navilock
60145311,19020401.0|Microsoft
60145311,19069203.0|GN Audio Germany
60145311,24210590.0|Bedifol
60145311,24340803.0|Whadda
60145311,27050401.0|Yuasa
60145311,40200102.0|Wolk
60145311,19020401.0|Cherry
60145311,21059106.0|Nilfisk-ALTO
60145311,27400203.0|Klauke
60145311,24220107.0|UAG-Urban Armor Gear
60145311,19019201.0|Microsoft
60145311,28019123.0|Delock
60145311,29043801.0|Mars
60145311,23152101.0|fischer
60145311,24360204.0|Lenovo
60145311,21059202.0|DeWalt
60145311,29042901.0|Busemann
60145311,24360204.0|eSTUFF
60145311,21100420.0|ALUTEC MÜNCHEN
60145311,27400205.0|Klauke
60145311,27200301.0|Benning
60145311,29110105.0|Kimberly-Clark
60145311,27149102.0|3M
60145311,27200310.0|Benning
60145311,27119001.0|Varta
60145311,21160592.0|Gottlieb Nestle
60145311,24311401.0|Floordirekt
60145311,24321103.0|Brother
60153637,19080501.0|Samsung
60153637,24311101.0|SITWELL STEIFENSAND
60153637,24300307.0|Durable
60153637,21040301.0|Knipex
60153637,23060190.0|OKS
60153637,21100421.0|LA-KA-PE (Ing. Alfred Häner)
60153637,27200301.0|Fluke
60153637,19020401.0|Logitech
60153637,27230220.0|PCE Instruments
60153637,40010801.0|ASATEX
60153637,27061801.0|EFB-Elektronik
60153637,40010501.0|ELKA Rainwear
60153637,27270805.0|wenglor sensoric
60153637,32012405.0|Testo
60153637,23190110.0|Burg-Wächter
60153637,24321104.0|Meto
60153637,19069092.0|Iiyama
60153637,21070301.0|Cordes
60153637,40011501.0|uvex
60153637,21100101.0|Knipex
60153637,24311902.0|Eurokraft
60153637,23330190.0|Henkel
60153637,27371238.0|Euchner
60153637,27180201.0|Rittal
60153637,21051990.0|Bosch
60217364,40011201.0|Ansell
60217364,40011301.0|Atlas
60217364,19069203.0|Jabra
60217364,19069203.0|Lenovo
60217364,40020205.0|Moravia
60217364,40011201.0|Unbekannt
60217364,40011301.0|uvex
60217364,19069203.0|GN Audio Germany
60217364,40011301.0|ELTEN
60217364,40011201.0|Mapa
60217364,19029003.0|Honeywell
60217364,23330190.0|Henkel
60217364,19020402.0|Logitech
60217364,19020401.0|Logitech
60217364,24360105.0|Hama
60217364,24322090.0|Barco
60217364,19020503.0|Logitech
60217364,29110105.0|essity
60217364,40019108.0|DuPont
60217364,20030101.0|Drefi
60217364,19010108.0|Apple
60217364,40010202.0|ZVG
60217364,23100101.0|Reyher
60217364,40011201.0|Nitras
60217364,24230590.0|tesa
60217364,24360105.0|OtterBox
60217364,23110102.0|Reyher
60217364,19069092.0|Apple
60217364,40010101.0|Paul H. Kübler Bekleidungswerk
60217364,29120102.0|Unbekannt
60217364,24260601.0|Schaefer Group
60217364,27050604.0|Apple
60217364,21040801.0|Friedr. DICK
60217364,27301890.0|HYDAC
60217364,21040402.0|Wera
60217364,19020401.0|Evoluent
60217364,27061801.0|InLine
60217364,24260601.0|Inapa
60217364,29110105.0|Tork
60217364,24210590.0|nevox
60217364,40011401.0|3M
60217364,40011201.0|ATG
60217364,35040401.0|RS Pro
60217364,19029004.0|Apple
60217364,19089202.0|Jabra
60217364,19030312.0|Delock
60217364,21100701.0|Zarges
60217364,24321902.0|Epson
60217364,40011301.0|HAIX Group
60217364,24230405.0|Labelident
60217364,27371902.0|Euchner
60217364,24280701.0|Labelident
60217364,21011318.0|PFERD TOOLS
60217364,23110101.0|Widex Selection
60326103,19010107.0|Lenovo
60326103,19069203.0|Jabra
60326103,19060101.0|Unify
60326103,19019201.0|Lenovo
60326103,19020102.0|Samsung
60326103,19020402.0|Logitech
60326103,27119001.0|Fenixlight
60326103,24321202.0|Brother
60326103,19020503.0|Logitech
60326103,21100701.0|Zarges
60326103,24200201.0|Kyocera
60326103,23190110.0|ABUS
60326103,19069203.0|GN Audio Germany
60326103,21100421.0|BITO-Lagertechnik
60326103,24200201.0|HP
60326103,24289090.0|Avery
60326103,21100421.0|RAJA
60326103,24289090.0|Soennecken
60326103,29090201.0|Esmeyer
60326103,21059202.0|Makita
60326103,24230590.0|tesa
60326103,21051690.0|Kärcher
60326103,21040301.0|Knipex
60326103,24200101.0|Epson
60326103,29100201.0|Starpak
60326103,22540202.0|Makita
60326103,24290101.0|VELOFLEX Carsten Thormählen
60326103,19069203.0|api
60326103,30010301.0|Unbekannt
60327915,40011301.0|uvex
60327915,40010801.0|Sioen Industries
60327915,21059202.0|Makita
60327915,40010401.0|Sioen Industries
60327915,21040301.0|Knipex
60327915,40011301.0|Schloemer
60327915,21040401.0|Wera
60327915,40011302.0|Atlas
60327915,27049190.0|Phoenix Contact
60327915,19030117.0|D-Link
60327915,40011301.0|Steitz
60327915,24321202.0|Brother
60327915,21040402.0|Wera
60327915,27119001.0|Ledlenser
60327915,40011401.0|3M
60327915,40011302.0|Dunlop
60327915,40011501.0|uvex
60327915,40010101.0|Sioen Industries
60327915,40011201.0|uvex
60327915,40011101.0|Schuberth
60327915,40010601.0|Kimberly-Clark
60327915,40011201.0|Ansell
60327915,40011302.0|ELTEN
60327915,40011101.0|BSD Bildungs- und Servicezentrum
60327915,27200301.0|Benning
60327915,27062001.0|Helukabel
60327915,27050401.0|Varta
60327915,27119090.0|Ledlenser
60327915,40011201.0|Mapa
60327915,40030103.0|SC Johnson
60327915,27062001.0|Lapp Kabel
60327915,21040601.0|Knipex
60327915,27110636.0|LEDVANCE
60327915,27210120.0|Phoenix Contact
60327915,27200301.0|Fluke
60327915,27141120.0|Phoenix Contact
60327915,30021404.0|SC Johnson
60327915,24301705.0|Durable
60327915,27023190.0|Siemens
60327915,27110636.0|Philips
60327915,27061801.0|Lapp Kabel
60327915,40010503.0|Sioen Industries
60327915,24290101.0|Leitz
60327915,21059202.0|Milwaukee
60327915,21040105.0|Gedore
60327915,19020402.0|Cherry
60327915,27144042.0|MENNEKES Elektrotechnik
60327915,21040401.0|Wiha
60327915,27371302.0|Siemens
60327915,21051990.0|Makita
60327915,40011201.0|August Penkert
60327915,21040202.0|Wera
60327915,27110410.0|LEDVANCE
60327915,19039190.0|D-Link
60327915,19020102.0|Samsung
60327915,24200101.0|HP
60327915,40011001.0|Sioen Industries
60327915,27149109.0|OBO BETTERMANN
60327915,40020401.0|Plum
60327915,40030190.0|SC Johnson
60327915,40011603.0|Honeywell
60327915,27141104.0|WAGO Kontakttechnik
60327915,24240501.0|Schneider Schreibgeräte
60327915,21040301.0|Klauke
60327915,27371501.0|Siemens
60327915,27149102.0|3M
60327915,27050401.0|Panasonic
60327915,27110410.0|Brennenstuhl
60327915,40011301.0|ISM
60327915,21059202.0|Bosch
60327915,23330190.0|Henkel
60327915,40011501.0|3M
60327915,36410102.0|Zehnder Pumpen
60327915,21100101.0|Knipex
60327915,40011601.0|3M
60327915,19019201.0|Lenovo
60327915,27371003.0|Siemens
60327915,21040301.0|Gedore
60327915,21051314.0|Makita
60327915,40011201.0|BSD Bildungs- und Servicezentrum
60327915,27270101.0|Pepperl+Fuchs
60327915,40011302.0|Steitz
60327915,27142602.0|Brennenstuhl
60327915,40011301.0|ISM Heinrich Krämer
60327915,21040602.0|Knipex
60327915,19020102.0|Lenovo
60327915,21040105.0|Wera
60327915,40010801.0|Rofa Bekleidungswerk
60327915,21011603.0|Bosch
60327915,21052101.0|Makita
60327915,27200310.0|Benning
60327915,27110636.0|Osram
60327915,19069203.0|Jabra
60327915,21040302.0|Knipex
60327915,27142604.0|Brennenstuhl
60327915,21040901.0|Picard
60327915,40010801.0|ASATEX
60327915,21040601.0|Rothenberger
60327915,40010501.0|Sioen Industries
60327915,21100421.0|Schaefer Group
60327915,27200601.0|WIKA
60327915,19020503.0|Logitech
60327915,40010101.0|Helmut Feldtmann
60327915,40010402.0|Sioen Industries
60327915,27143404.0|MENNEKES Elektrotechnik
60327915,27144042.0|Busch-Jaeger
60327915,21010101.0|Format
60327915,27260701.0|Rittal
60327915,40010103.0|DuPont
60327915,27180201.0|DIGITUS
60327915,40011301.0|ELTEN
60327915,40030101.0|Greven
60327915,21040202.0|Gedore
60327915,21040202.0|Unbekannt
60327915,21100420.0|Zarges
60327915,29042901.0|Minges Kaffee
60327915,21051314.0|Metabo
60327915,21100701.0|KRAUSE
60327915,22390408.0|Kraemer & Kraus
60327915,21100101.0|Cimco
60327915,27144046.0|Siemens
60327915,40011302.0|Helmut Feldtmann
60327915,40011401.0|MSA
60327915,27180201.0|ROLINE
60327915,27140505.0|Glen Dimplex
60327915,21052204.0|Makita
60327915,21052003.0|Makita
60327915,21160101.0|Gottlieb Nestle
60327915,27142602.0|as - Schwabe
60327915,21040301.0|Weidmüller
60327915,27061803.0|DIGITUS
60327915,27060490.0|MENNEKES Elektrotechnik
60327915,40010503.0|Paul H. Kübler Bekleidungswerk
60327915,22510190.0|Zarges
60327915,27201107.0|Bosch
60327915,40040401.0|PARSCH Schläuche Armaturen
60327915,21109090.0|Gardena
60327915,22390409.0|Stiebel Eltron
60327915,19029290.0|Polymaker
60327915,24311101.0|Dauphin
60401258,24220104.0|Maul
60401258,24240501.0|Schneider Schreibgeräte
60401258,24289090.0|Avery
60401258,24321202.0|Brother
60401258,24230590.0|tesa
60401258,24290101.0|Soennecken
60401258,39020102.0|Unbekannt
60401258,24301705.0|Durable
60401258,19020402.0|Logitech
60401258,24260103.0|3M
60401258,24290101.0|Leitz
60401258,24292001.0|Leitz
60401258,24360105.0|OtterBox
60401258,19069203.0|Jabra
60401258,38100202.0|AppliChem
60401258,24262301.0|Soennecken
60401258,19020401.0|Logitech
60401258,27061801.0|Good Connections
60401258,19029003.0|Datalogic
60401258,20030205.0|PAPSTAR
60401258,24200201.0|HP Deutschland
60401258,39020104.0|Unbekannt
60401258,24262301.0|Mayer-Kuvert-network
60401258,23330207.0|tesa
60401258,38100202.0|Unbekannt
60401258,34220101.0|B. Braun
60401258,24200201.0|HP
60401258,27142201.0|as - Schwabe
60401258,34340202.0|Boso Bosch & Sohn
60401258,27110314.0|nobilé
60401258,27144007.0|Busch-Jaeger
60401258,32033501.0|Eppendorf
60401258,27061802.0|HP
60401258,22360308.0|Kimberly-Clark
60415151,21052101.0|Milwaukee
60415151,21070301.0|Fetra
60415151,21059202.0|Milwaukee
60415151,21071101.0|Hazet
60415151,21040301.0|Knipex
60415151,21050803.0|Milwaukee
60415151,30020690.0|IBS Scherer
60415151,30020690.0|Kärcher
60415151,21052190.0|Milwaukee
60415151,21040208.0|Hazet
60415151,21040222.0|Stahlwille
60415151,40011101.0|3M
60415151,21050602.0|Kärcher
60415151,23110901.0|Böllhoff
60415151,19020402.0|Logitech
60415151,21059106.0|Nilfisk-ALTO
60415151,21040190.0|Milwaukee
60415151,29029004.0|Nilfisk-ALTO
60415151,19020401.0|Logitech
60415151,21041501.0|Kukko
60415151,21100420.0|Zarges
60415151,24289090.0|Avery
60415151,27050401.0|KS Tools
60415151,19020102.0|Samsung
60415151,19060101.0|Gigaset Communications
60415151,21040202.0|Hazet
60415151,21059014.0|Milwaukee
60415151,21050602.0|Nilfisk-ALTO
60415151,40011201.0|Ansell
60415151,29029004.0|Milwaukee
60415151,24200101.0|HP
60415151,27142604.0|Brennenstuhl
60415151,23330190.0|Henkel
60415151,21040202.0|KS Tools
60415151,30280101.0|Lackfabrik Bäder
60415151,23330190.0|Weicon
60415151,36120301.0|Jungheinrich PROFISHOP
60415151,21040220.0|KS Tools
60415151,21059202.0|Makita
60415151,29020601.0|De'Longhi
60415151,21100701.0|Zarges
60415151,21043090.0|Hazet
60415151,21051314.0|Milwaukee
60415151,21040302.0|Knipex
60415151,30040101.0|Unbekannt
60415151,36230301.0|Kärcher
60415151,21100420.0|CEMO
60415151,24310708.0|PAVOY
60415151,19080501.0|Samsung
60415151,19020503.0|Logitech
60415151,23060101.0|Caramba Chemie
60415151,36120203.0|Columbus McKinnon
60415151,21079104.0|SHT Suhler Hebezeugtechnik
60415151,21052190.0|Techtronic Industries
60415151,32031709.0|KS Tools
60415151,21070101.0|Fetra
60415151,27050603.0|Victron Energy
60415151,40200202.0|Kroschke
60415151,21041501.0|KS Tools
60415151,40011101.0|Kask
60415151,21100701.0|Hymer
60415151,21100420.0|LA-KA-PE (Ing. Alfred Häner)
60415151,27050603.0|Ctek
60415151,27140706.0|as - Schwabe
60415151,40030201.0|Tork
60415151,27300290.0|Columbus McKinnon
60415151,21109102.0|SCHULTE Lagertechnik
60415151,21052390.0|Dremel
60415151,24321202.0|Brother
60415151,27050604.0|Milwaukee
60415151,21040190.0|Techtronic Industries
60415151,21059202.0|Techtronic Industries
60527531,21040301.0|Knipex
60527531,19020402.0|Logitech
60527531,24200101.0|HP
60527531,19019201.0|HP
60527531,21011603.0|Bosch
60527531,24360204.0|HP
60527531,19020401.0|Logitech
60527531,19020503.0|Logitech
60527531,29042901.0|Tchibo
60527531,24200201.0|HP
60527531,29042901.0|Dallmayr
60527531,27050401.0|Varta
60527531,19020102.0|HP
60527531,21040601.0|Knipex
60527531,23330190.0|Henkel
60527531,21059202.0|Makita
60527531,21100421.0|Schaefer Group
60527531,21040401.0|Wera
60527531,19069203.0|Jabra
60527531,19030101.0|LANCOM Systems
60527531,24210590.0|Bedifol
60527531,24321202.0|Brother
60527531,40030201.0|Kimberly-Clark
60527531,21040301.0|PREISING
60527531,21040401.0|Wiha
60527531,27141104.0|WAGO Kontakttechnik
60527531,27061801.0|Dätwyler
60527531,27200301.0|Fluke
60527531,27149102.0|3M
60527531,21040302.0|Knipex
60527531,24301705.0|Durable
60527531,27119090.0|Ledlenser
60527531,21040202.0|Facom
60527531,27050401.0|Duracell
60527531,40200102.0|Kroschke
60527531,21100701.0|Zarges
60527531,27142604.0|Brennenstuhl
60527531,21100701.0|KRAUSE
60527531,29110107.0|Elos
60527531,19030101.0|AVM
60527531,23079090.0|Henkel
60527531,27049190.0|Phoenix Contact
60527531,21100101.0|Knipex
60527531,21059202.0|Bosch
60527531,19069203.0|GN Audio Germany
60527531,23190110.0|ABUS
60527531,19010105.0|HP
60527531,29042901.0|Jacobs
60527531,21040601.0|Rothenberger
60527531,21040402.0|Wera
60527531,29042901.0|Melitta
60527531,19030104.0|HP
60527531,21040202.0|Hazet
60527531,21052190.0|Bosch
60527531,21040202.0|Gedore
60527531,29041601.0|Tchibo
60527531,27110303.0|LEDVANCE
60527531,27260701.0|Stäubli
60527531,21040202.0|Wera
60527531,19020402.0|Cherry
60527531,19069203.0|Poly
60527531,21100420.0|Allit
60527531,27062001.0|Helukabel
60527531,27061801.0|InLine
60527531,21040105.0|Gedore
60527531,34240701.0|Söhngen
60527531,27140602.0|Fränkische Rohrwerke
60527531,21040402.0|Facom
60527531,32030610.0|Sarstedt
60527531,20269090.0|KIGA Kunststofftechnik
60527531,27061803.0|ROLINE
60527531,21040222.0|Hazet
60527531,21011319.0|Bosch
60527531,30020690.0|Kärcher
60527531,27110410.0|SCANGRIP
60527531,27260701.0|Hirschmann
60527531,27119001.0|Ledlenser
60527531,27140702.0|HellermannTyton
60527531,21100101.0|Raaco
60527531,22170302.0|Soudal
60527531,37110390.0|KARASTO Armaturenfabrik Oehler
60527531,21052190.0|Makita
60527531,29090302.0|Alfi
60527531,36410102.0|SPT PUMPEN
60527531,19080105.0|Garmin
60527531,24260601.0|Mondi
60527531,27200601.0|WIKA
60527531,21040390.0|Rothenberger
60527531,21100701.0|Hymer
60527531,40200104.0|Wolk
60527531,21040105.0|Wera
60527531,21100101.0|Hepco & Becker
60527531,21040602.0|PROMAT
60527531,27060490.0|MENNEKES Elektrotechnik
60527531,24301610.0|Durable
60527531,29020601.0|Philips
60527531,40030201.0|Satino
60527531,29120102.0|Floordirekt
60527531,19069203.0|HP
60527531,40010601.0|Kimberly-Clark
60551805,40040702.0|Skylotec
60551805,19069203.0|Jabra
60551805,21040301.0|Knipex
60551805,27141104.0|WAGO Kontakttechnik
60551805,24200201.0|OKI
60551805,24321202.0|Brother
60551805,27061801.0|EFB-Elektronik
60551805,21040401.0|Wera
60551805,21040401.0|Wiha
60551805,40020103.0|Skylotec
60551805,19069203.0|Razer
60551805,21100101.0|Knipex
60551805,27201103.0|GOSSEN METRAWATT
60551805,27061801.0|InLine
60551805,40020104.0|Skylotec
60551805,27062005.0|Unbekannt
60551805,19069203.0|GN Audio Germany
60551805,40011301.0|Atlas
60551805,21040202.0|Proxxon
60551805,27200310.0|Benning
60551805,27050401.0|Varta
60551805,27061801.0|Good Connections
60551805,27050401.0|CSB Battery
60551805,21040402.0|Wera
60551805,24210590.0|Bedifol
60551805,21059202.0|Makita
60551805,27260701.0|Telegärtner
60551805,24200101.0|Epson
60551805,27062005.0|Faber
60551805,27062001.0|Helukabel
60551805,24230590.0|tesa
60551805,40010103.0|Wahler
60551805,40010405.0|Wahler
60551805,19069092.0|Apple
60551805,27061801.0|ROLINE
60551805,40011302.0|HAIX Group
60551805,27260701.0|Chauvin Arnoux
60551805,29042901.0|Dallmayr
60551805,21100101.0|Parat
60551805,19069203.0|Poly
60551805,21040302.0|Knipex
60551805,40011101.0|Petzl
60551805,19069203.0|3M
60551805,27061801.0|Goobay
60551805,40011101.0|Kask
60551805,27371501.0|Siemens
60551805,27061803.0|EFB-Elektronik
60551805,21049090.0|Wiha
60551805,24360204.0|Dicota
60551805,27061801.0|equip
60551805,24289090.0|Hein Industrieschilder
60551805,27371901.0|ABUS
60551805,27201108.0|Delock
60551805,23130107.0|Skylotec
60551805,21100101.0|Klauke
60551805,27119001.0|Makita
60551805,27061803.0|InLine
60551805,21100420.0|AUER Packaging
60551805,27260701.0|Neutrik
60551805,40011301.0|ELTEN
60551805,24200201.0|HP
60551805,19069203.0|Sony
60551805,21100101.0|WAGO Kontakttechnik
60551805,21100101.0|Parat Solutions GmbH
60551805,27061803.0|RS Pro
60551805,27142602.0|GOSSEN METRAWATT
60551805,27210902.0|Socomec
60551805,27201108.0|Softing
60551805,21050101.0|Bosch
60708497,29042901.0|Dallmayr
60708497,37110190.0|LANDEFELD
60708497,29042901.0|Lavazza
60708497,24290101.0|Leitz
60708497,23330190.0|Henkel
60708497,29110107.0|Elos
60708497,23070601.0|LANDEFELD
60708497,23050801.0|SKF
60708497,29029104.0|JURA
60708497,21059202.0|Makita
60708497,29029004.0|Kärcher
60708497,23010103.0|Otto Ganter
60708497,23050801.0|FAG
60708497,21020701.0|Otto Ganter
60708497,27302102.0|LANDEFELD
60708497,29043801.0|Bahlsen
60708497,22360790.0|Viega
60708497,19030209.0|Samsung
60708497,21011318.0|Bosch
60708497,29110107.0|Unbekannt
60708497,24321202.0|Dymo
60708497,37110390.0|LANDEFELD
60708497,19069203.0|Poly
60708497,27200601.0|LANDEFELD
60708497,27299220.0|LANDEFELD
60708497,23170450.0|Mädler
60708497,27299221.0|LANDEFELD
60708497,37110190.0|Norres
60708497,29120101.0|CWS
60708497,27110690.0|Osram
60708497,29069090.0|WAS Germany
60708497,29020601.0|Siemens
60708497,24311101.0|HJH Office
60708497,19029003.0|Zebra
60708497,23170201.0|Optibelt
60708497,22360605.0|LANDEFELD
60708497,24360105.0|OtterBox
60708497,21059202.0|Bosch
60708497,24301705.0|Durable
60708497,23300701.0|Mädler
60708497,23159090.0|Otto Ganter
60708497,19020102.0|Samsung
60708497,23010501.0|Otto Ganter
60708497,37010401.0|Riegler
60708497,22140190.0|LANDEFELD
60708497,29041601.0|Berchtesgadener Land
60708497,30021690.0|JURA
60708497,22360606.0|Riegler
60708497,21059106.0|Kärcher
60708497,19020102.0|Dell
60708497,23070601.0|Dichtomatik
60708497,29043801.0|Lindt
60708497,29110105.0|ZVG
60708497,24260103.0|3M
60708497,19029003.0|Datalogic
60708497,19030209.0|HP
60708497,29020601.0|De'Longhi
60708497,21040602.0|MARTOR
60708497,37020401.0|LANDEFELD
60708497,21059106.0|Nilfisk-ALTO
60708497,19019190.0|Dell
60708497,37110390.0|Riegler
60708497,29041601.0|Hämmerle Kaffee
60708497,23090390.0|Mädler
60708497,19069203.0|Jabra
60708497,24270290.0|König & Ebhardt
60708497,24250401.0|edding
60708497,29043801.0|Haribo
60708497,23190110.0|ABUS
60708497,30021302.0|Henkel
60708497,21130890.0|Otto Ganter
60708497,21059202.0|Milwaukee
60708497,24289090.0|Herma
60708497,23170403.0|Mädler
60708497,29042901.0|Mövenpick
60708497,27050401.0|Varta
60708497,21050602.0|Kärcher
60708497,29043801.0|Mars
60708497,23170205.0|Mädler
60708497,29090201.0|Esmeyer
60708497,21070301.0|Fetra
60708497,29042901.0|Jacobs Douwe Egberts
60708497,29042901.0|Tchibo
60708497,19010109.0|Zebra
60708497,27294201.0|LANDEFELD
60708497,29090301.0|xavax
60708497,29042901.0|Senseo
60708497,19010108.0|Apple
60708497,23250304.0|Otto Ganter
60708497,23050190.0|Mädler
60708497,21100701.0|Zarges
60708497,37070514.0|LANDEFELD
60708497,21130806.0|Otto Ganter
60708497,24321202.0|Brother
60708497,21131725.0|Otto Ganter
60708497,23110701.0|Mädler
60708497,23330190.0|UHU
60708497,21060804.0|Riegler
60708497,23051601.0|SKF
60708497,27119001.0|Ledlenser
60708497,23050803.0|FAG
60708497,21130890.0|Mädler
60708497,29042901.0|Jacobs
60708497,23010190.0|Otto Ganter
60708497,19030308.0|HP
60708497,22360606.0|LANDEFELD
60708497,22540202.0|STIHL
60708497,21079105.0|Mädler
60708497,37010401.0|LANDEFELD
60708497,23051601.0|INA
60708497,23330390.0|tesa
60708497,23190108.0|Otto Ganter
60708497,37110390.0|KARASTO Armaturenfabrik Oehler
60708497,21059202.0|Akku Power
60708497,29090301.0|Emsa
60708497,29043801.0|Milka
60708497,40010801.0|Korntex
60708497,21131724.0|Otto Ganter
60708497,23330490.0|Weicon
60708497,27294290.0|Riegler
60708497,29042901.0|Melitta
60708497,30021609.0|CRC Industries
60708497,21100420.0|Dönges
60708497,19029290.0|Polymaker
60708497,27142801.0|Bosch Rexroth
60708497,23152101.0|fischer
60708497,27200301.0|Benning
60708497,23330207.0|3M
60708497,19020402.0|Logitech
60708497,40020205.0|Moravia
60708497,23050105.0|norelem Normelemente
60708497,27143204.0|Dancop
60708497,37160390.0|LANDEFELD
60708497,37010213.0|Festo
60708497,20269090.0|TransPak
60708497,19030511.0|Aten
60708497,23320104.0|Mädler
60708497,30021505.0|SanitChemie
60708497,23200101.0|BASI
60708497,19030308.0|SK Hynix
60708497,23190102.0|Burg
60732219,19069203.0|Jabra
60732219,24321202.0|Brother
60732219,19069203.0|GN Audio Germany
60732219,19020401.0|Logitech
60732219,19020503.0|Logitech
60732219,23330207.0|tesa
60732219,24210501.0|Bedifol
60732219,27260701.0|Weidmüller
60732219,29029004.0|Roborock
60732219,24230590.0|tesa
60732219,21059202.0|Makita
60732219,19020402.0|Logitech
60732219,27260701.0|WAGO Kontakttechnik
60732219,23199090.0|ABUS
60732219,27142604.0|Brennenstuhl
60732219,24241690.0|Sakura
60732219,19030312.0|Delock
60732219,27189250.0|Corning
60732219,21100420.0|Zarges
60732219,37110190.0|SES-Sterling
60732219,27110310.0|HANSA world of office
60732219,19029003.0|Honeywell
60732219,27400205.0|Klauke
60732219,40011201.0|uvex
60732219,23330207.0|Kip
60732219,19020401.0|Hama
60732219,22220201.0|FETEX
60732219,24210590.0|Bedifol
60732219,35030501.0|Floordirekt
60732219,23190110.0|Burg-Wächter
60732219,27050604.0|equip
60732219,23190110.0|ABUS
60732219,27400203.0|Klauke
60732219,27149102.0|certoplast
60732219,24200101.0|Brother
60732219,24261209.0|_Verpackungsfuxx
60732219,27260701.0|Rittal
60732219,27149109.0|Wiska
60732219,20140390.0|CEHA Büro
60732219,30021609.0|WS
60732219,23330190.0|Henkel
60732219,19030503.0|DIGITUS
60732219,19030312.0|LogiLink
60732219,24200101.0|HP
60732219,21052202.0|Makita
60732219,27140702.0|3M
60732219,24260608.0|Xerox
60732219,27119001.0|Ledlenser
60732219,27260701.0|Schneider Electric
60732219,24210501.0|FRESPA
60732219,27149109.0|Lapp Kabel
60732219,19030209.0|Western Digital
60732219,21051990.0|Makita
60732219,27144037.0|SKROSS
60732219,37110390.0|LANDEFELD
60732219,30010301.0|RAW
60732219,40020201.0|Via Guide
60732219,19069203.0|HP
60732219,21011603.0|Bosch
60732219,23170403.0|PÖSAMO VAUKA Pötz & Sand
60732219,27260701.0|Hirschmann
60732219,24210501.0|E.V.I
60732219,27144042.0|Metz Connect
60732219,27180102.0|Spelsberg
60732219,27143404.0|PCE
60732219,37110390.0|Riegler
60732219,40011390.0|KCL
60732219,24200201.0|Sharp
60732219,20420204.0|PROMAT
60732219,19030503.0|ASSMANN Electronic
60732219,22410904.0|Westinghouse
60732219,24301610.0|VKF Renzel
60732219,19069203.0|Soundcore
60732219,27050401.0|Accucell
60732219,21100421.0|Kappes Systeme
60732219,23220301.0|Fritz Dannert
60732219,20270190.0|Kip
60732219,27061801.0|Telegärtner
60732219,40200202.0|Moedel
60733253,24260405.0|Soennecken
60733253,24321202.0|Dymo
60733253,24260601.0|Clairefontaine
60733253,21040602.0|MARTOR
60733253,24230590.0|tesa
60733253,19020402.0|Logitech
60733253,29041601.0|Hochwald Foods
60733253,24260601.0|Mondi
60733253,21100420.0|Walther Faltsysteme
60733253,24321202.0|Brother
60733253,27110310.0|WUTEH
60733253,23190110.0|ABUS
60733253,24289090.0|Herma
60733253,40011201.0|Ansell
60733253,27050401.0|Varta
60733253,40020205.0|Moravia
60733253,21049103.0|MARTOR
60733253,19020401.0|Logitech
60733253,29043801.0|Mars
60733253,21079105.0|Tente
60733253,24321602.0|Fellowes
60733253,40020301.0|Söhngen
60733253,21070301.0|Fetra
60733253,29041601.0|Oatly
60733253,21100201.0|Rau
60733253,29043801.0|Ferrero
60733253,34180490.0|Orkla Wound Care AB
60733253,23330207.0|tesa
60733253,40200102.0|Wolk
60733253,29119090.0|Procter & Gamble
60733253,23190110.0|Burg-Wächter
60733253,40011201.0|KCL
60733253,27110636.0|LEDVANCE
60733253,21040301.0|Knipex
60733253,21059202.0|Makita
60733253,29043801.0|Bahlsen
60733253,24230590.0|1-PACK
60733253,19029003.0|Zebra
60733253,19069203.0|Poly
60733253,19020503.0|Logitech
60733253,24300304.0|Durable
60733253,24310701.0|Bisley
60733253,29020206.0|Siemens
60733253,40200102.0|Moedel
60733253,21100420.0|BITO-Lagertechnik
60733253,24240501.0|Schneider Schreibgeräte
60733253,19030312.0|StarTech.com
60733253,27142604.0|Brennenstuhl
60733253,27050401.0|Multipower
60733253,40011201.0|Söhngen
60733253,29043801.0|Haribo
60733253,24280701.0|Labelident
60733253,21100401.0|META
60733253,40010801.0|Korntex
60733253,29020605.0|Braun
60733253,21040401.0|Wera
60733253,21040302.0|Knipex
60733253,27062010.0|Lapp Kabel
60733253,21070301.0|Unbekannt
60733253,24301610.0|Durable
60733253,29110107.0|Procter & Gamble
60733253,29119090.0|Swiffer
60733253,27143204.0|Dancop
60733253,20030101.0|Steinbach
60733253,24230903.0|Strenge
60733253,36120301.0|Fetra
60733253,24321602.0|Leitz
60733253,34400202.0|Söhngen
60733253,24360204.0|Lenovo
60733253,29110190.0|Techspray
60733253,34249291.0|Philips
60733253,20099090.0|Walter Schmidt Chemie
60733253,40010801.0|AS Arbeitsschutz
60733253,40011301.0|ELTEN
60733253,30021690.0|Caramba Chemie
60733253,19089204.0|Apple
60733253,21040402.0|Wera
60733253,24340601.0|Deha Design
60733253,29040701.0|Bahlsen
60733253,23190110.0|Columbus McKinnon
60733253,19080702.0|Manhattan
60733253,23330390.0|3M
60733253,24310705.0|Bisley
60733253,29043801.0|Barebells
60733253,21040801.0|Unger
60733253,24260601.0|OVOL Papier
60733253,24241601.0|Pilot
60733253,29119190.0|3M
60733253,27061801.0|Good Connections
60733253,29120190.0|OPHARDT Hygiene
60733253,24280890.0|G&G
60733253,24280701.0|toner-dumping.de Orth & Baer
60733253,27119007.0|Schneider Electric
60733253,20270104.0|TransPak
60733253,23199090.0|ASSA ABLOY
60733253,20270102.0|mdf-Verpackungen
60739937,24200201.0|HP
60739937,29110105.0|Metsä
60739937,23190110.0|ABUS
60739937,20069090.0|Otto Graf
60739937,21040401.0|Wiha
60739937,32030522.0|Unbekannt
60739937,29042901.0|Melitta
60739937,21040301.0|Knipex
60739937,21040105.0|Gedore
60739937,21010101.0|Format
60739937,21059202.0|Makita
60739937,29042901.0|Dallmayr
60739937,29110105.0|Celtex
60739937,21040402.0|Wera
60739937,24321202.0|Brother
60739937,29110105.0|Kimberly-Clark
60739937,29110107.0|Kimberly-Clark
60739937,21040401.0|Wera
60739937,32030525.0|Klett-Kunststofftechnik
60739937,29039090.0|Brita
60739937,27294290.0|Riegler
60739937,24230309.0|tesa
60739937,24221000.0|Trodat
60739937,24321202.0|Dymo
60739937,23330190.0|Sika
60739937,21040105.0|Wera
60739937,21100420.0|LA-KA-PE (Ing. Alfred Häner)
60739937,32030610.0|Sarstedt
60739937,22360690.0|Kendrion Kuhnke
60739937,21040202.0|Wera
60739937,27180201.0|Rittal
60739937,29020601.0|De'Longhi
60739937,22369105.0|Grohe
60739937,21041105.0|PFERD-Werkzeuge
60739937,21011318.0|Rhodius Abrasives
60739937,24310302.0|StarTech.com
60739937,21040222.0|Stahlwille
60739937,23170450.0|Resatec
60739937,27299290.0|Kendrion Kuhnke
60739937,24200201.0|Sharp
60739937,20249190.0|verpackung24
60739937,27050401.0|Sun Battery
60739937,23179104.0|RS Pro
60739937,27119001.0|Kiesel
60739937,29110109.0|Floordirekt
60741594,19069203.0|Poly
60741594,40010601.0|DuPont
60741594,23330190.0|Henkel
60741594,40011301.0|ELTEN
60741594,19069203.0|HP
60741594,23152101.0|fischer
60741594,19010108.0|Samsung
60741594,23070601.0|Unbekannt
60741594,19029003.0|Datalogic
60741594,40011201.0|ATG
60741594,24230590.0|tesa
60741594,24301705.0|Durable
60741594,29029004.0|Kärcher
60741594,19020102.0|Samsung
60741594,19020503.0|Logitech
60741594,19029290.0|Polymaker
60741594,40011201.0|uvex
60741594,23330190.0|Weicon
60741594,24230309.0|tesa
60741594,21059106.0|Kärcher
60741594,40011301.0|uvex
60741594,40011301.0|ISM
60741594,19029290.0|Esun
60741594,21040602.0|WEDO
60741594,19020401.0|Logitech
60741594,19020401.0|Cherry
60741594,19060106.0|Samsung
60741594,27301890.0|HYDAC
60741594,24311101.0|Topstar
60741594,21109102.0|Bauer
60741594,29110107.0|RS Pro
60741594,24210590.0|Bedifol
60741594,24360204.0|Targus
60741594,37110390.0|Riegler
60741594,24321202.0|Brother
60741594,27050401.0|APC
60741594,40020503.0|A.M.P.E.R.E. System
60741594,24210790.0|Compulocks
60741594,29110110.0|Unbekannt
60741594,29029004.0|Bosch
60741594,19019201.0|Dell
60741594,19020402.0|Logitech
60741594,23110901.0|Heinrich Kipp Werk
60741594,19100101.0|Kodak
60741594,22360602.0|Viega
60741594,27061801.0|Goobay
60741594,21079105.0|Wicke
60741594,24311101.0|Interstuhl Büromöbel
60741594,21040602.0|NT Cutter
60741594,21020801.0|Heinrich Kipp Werk
60741594,40011301.0|Puma
60741594,27050604.0|Hama
60741594,29110105.0|ZVG
60741594,21109101.0|Coba Plastics
60741594,19020402.0|Cherry
60741594,24321902.0|Acer
60741594,27140702.0|HellermannTyton
60741594,29110105.0|Sontara
60741594,21100420.0|LA-KA-PE (Ing. Alfred Häner)
60741594,21021003.0|AMF Andreas Maier
60741594,36120290.0|Planeta Hebetechnik
60741594,40011501.0|uvex
60741594,24210701.0|Kensington
60741594,24210501.0|FRESPA
60741594,24290301.0|Durable
60741594,19019190.0|Dell
60741594,21059202.0|Bosch
60741594,24260601.0|Inapa
60741594,27040690.0|APC
60741594,21041105.0|Lessmann
60741594,20030106.0|Debatin
60741594,21049103.0|Lutz
60741594,40011201.0|BIG
60741594,21059202.0|Makita
60741594,19030501.0|i-tec
60741594,40011390.0|Franz Mensch
60741594,20069090.0|Brambilla
60741594,40011401.0|3M
60741594,36120290.0|Planeta
60741594,27142604.0|Brennenstuhl
60741594,21059190.0|Kärcher
60741594,21059202.0|Milwaukee
60741594,29110105.0|RS Pro
60741594,21100412.0|Burg
60741594,21109102.0|CEMO
60741594,30021701.0|eHygiene
60741594,29120101.0|TEMDEX
60741594,29120190.0|AIR-WOLF
60741594,37070514.0|Parker
60741594,29029001.0|Fakir Hausgeräte
60741594,40010103.0|DuPont
60741594,19080702.0|SDC
60741594,20270104.0|Unbekannt
60741594,22510190.0|MUNK Günzburger Steigtechnik
60753326,40011301.0|uvex
60753326,24200201.0|HP
60753326,40011201.0|uvex
60753326,24200101.0|HP
60753326,40011201.0|Ansell
60753326,40011301.0|Steitz
60753326,40011301.0|ELTEN
60753326,20069090.0|CurTec
60753326,40011201.0|Kimberly-Clark
60753326,29042901.0|Lavazza
60753326,40011401.0|3M
60753326,24260601.0|The Navigator Company
60753326,29043001.0|Naarmann
60753326,40011201.0|Mapa
60753326,40011401.0|Moldex/Metric
60753326,29029004.0|Kärcher
60753326,32030202.0|Novelis
60753326,29043001.0|Teekanne
60753326,37010401.0|LANDEFELD
60753326,29110105.0|Metsä
60753326,30021404.0|SC Johnson
60753326,29110105.0|essity
60753326,24290101.0|Leitz
60753326,27050401.0|Varta
60753326,27242202.0|Siemens
60753326,40011501.0|uvex
60753326,27150702.0|Mettler Toledo
60753326,24321202.0|Brother
60753326,27299220.0|LANDEFELD
60753326,21070301.0|Fetra
60753326,24230590.0|tesa
60753326,29041601.0|Naarmann
60753326,20069090.0|Denios
60753326,40011501.0|Bollé Safety
60753326,19020402.0|Logitech
60753326,23330207.0|tesa
60753326,24289090.0|Avery
60753326,29110105.0|Tork
60753326,27144042.0|MENNEKES Elektrotechnik
60753326,20069090.0|Unbekannt
60753326,40030190.0|SC Johnson
60753326,29041601.0|Milchwerke Berchtesgadener Land
60753326,24301705.0|Durable
60753326,29041601.0|Berchtesgadener Land
60753326,27110303.0|LEDVANCE
60753326,23170201.0|Optibelt
60753326,20270104.0|RAJA
60753326,37011108.0|LANDEFELD
60753326,24240501.0|Schneider
60753326,23070601.0|LANDEFELD
60753326,40019108.0|DuPont
60753326,19020503.0|Logitech
60753326,24290902.0|Leitz
60753326,27142801.0|Bosch Rexroth
60753326,40010103.0|DuPont
60753326,29110202.0|Vikan
60753326,40011201.0|Unbekannt
60753326,40011301.0|Atlas
60753326,40011302.0|uvex
60753326,24260103.0|3M
60753326,24230590.0|Monta
60753326,24260601.0|Clairefontaine
60753326,40011301.0|HAIX Group
60753326,32011505.0|Mettler Toledo
60753326,20249190.0|ASUP
60753326,37110190.0|LANDEFELD
60753326,29041601.0|Arla Foods
60753326,40010201.0|3M
60753326,29043801.0|Bahlsen
60753326,21100420.0|LA-KA-PE (Ing. Alfred Häner)
60753326,27250203.0|Siemens
60753326,27242207.0|Siemens
60753326,19020401.0|Logitech
60753326,29110110.0|Vileda
60753326,40011301.0|ISM
60753326,24260601.0|Navigator
60753326,21051690.0|Kärcher
60753326,27294205.0|Riegler
60753326,27062010.0|Lapp Kabel
60753326,37070514.0|LANDEFELD
60753326,20270102.0|TransPak
60753326,21109101.0|RS Pro
60753326,24260601.0|April
60753326,30021690.0|Stockmeier Chemie
60753326,32030706.0|Brand
60753326,20249190.0|Unbekannt
60753326,27200490.0|Horn Tecalemit
60753326,40011201.0|KCL
60753326,29042901.0|Jacobs
60753326,29110105.0|Temca
60753326,29110105.0|Kimberly-Clark
60753326,40011401.0|uvex
60753326,32031626.0|Macherey-Nagel
60753326,24200201.0|Ricoh
60753326,21100420.0|Allit
60753326,40010101.0|Mascot
60753326,37110390.0|LANDEFELD
60753326,21059202.0|Makita
60753326,30021507.0|SC Johnson
60753326,27049190.0|Mean Well
60753326,29042901.0|CHICCO D'ORO GMBH
60753326,27294290.0|Festo
60753326,27142201.0|ABB
60753326,29043801.0|Mars
60753326,37011108.0|Festo
60753326,21100420.0|Really Useful Products
60753326,27302102.0|LANDEFELD
60753326,27110305.0|CEAG
60753326,24270290.0|König & Ebhardt
60753326,27140602.0|HellermannTyton
60753326,27292901.0|LANDEFELD
60753326,27144025.0|Siemens
60753326,20269090.0|KIGA Kunststofftechnik
60753326,37110390.0|Riegler
60753326,20070190.0|SCAT Europe
60753326,40010601.0|DuPont
60753326,27140606.0|Niedax
60753326,32012801.0|Witeg Labortechnik
60785263,27061801.0|Good Connections
60785263,19060101.0|Avaya
60785263,27050401.0|Accucell
60785263,21040301.0|Knipex
60785263,27050401.0|Energizer
60785263,27061803.0|DIGITUS
60785263,40200102.0|Wolk
60785263,29042901.0|Dallmayr
60785263,27371302.0|Eaton
60785263,24200101.0|HP
60785263,40011201.0|Ansell
60785263,22360101.0|Hansa Armaturen
60785263,29040301.0|Monin
60785263,24300101.0|Franken
60785263,21100401.0|SCHULTE Regalwelt
60785263,21040401.0|Wiha
60785263,19020401.0|Cherry
60785263,24330301.0|BRUNNEN
60785263,40200103.0|Marahrens
60785263,27110636.0|HWH Elektronische Bauteile
60830597,19020208.0|HP
60830597,19069203.0|Jabra
60830597,24200101.0|HP
60830597,19010108.0|Samsung
60830597,27142201.0|Siemens
60830597,29042901.0|Minges Kaffee
60830597,29042901.0|Tchibo
60830597,19030312.0|StarTech.com
60830597,21040301.0|Knipex
60830597,21100420.0|Zarges
60830597,19020401.0|Logitech
60830597,27040690.0|APC
60830597,24321202.0|Dymo
60830597,24360105.0|OtterBox
60830597,24210590.0|Bedifol
60830597,27050604.0|Samsung
60830597,40030201.0|Tork
60830597,29041601.0|Dallmayr
60830597,21040401.0|Wera
60830597,29042901.0|EDUSCHO PROFESSIONAL
60830597,24200101.0|Canon
60830597,24301610.0|Durable
60830597,21040402.0|Wera
60830597,21070301.0|Fetra
60830597,24210501.0|3M
60830597,29042901.0|Melitta
60830597,24321202.0|Brother
60830597,24240702.0|Pilot
60830597,19060107.0|Motorola
60830597,29090301.0|Ritzenhoff & Breker
60830597,21100420.0|ALUTEC MÜNCHEN
60830597,40040101.0|No Climb
60830597,19020402.0|Logitech
60830597,24301201.0|Celexon
60830597,21059106.0|Kärcher
60830597,19020208.0|Canon
60830597,19029002.0|HP
60830597,24200201.0|HP
60830597,24260601.0|Canon
60830597,21160504.0|Bosch
60830597,21040601.0|Knipex
60830597,21051502.0|Steinel
60830597,24360204.0|Stanley
60830597,19020102.0|Asus
60830597,29029004.0|Bosch
60830597,24290301.0|Durable
60830597,21100420.0|LA-KA-PE (Ing. Alfred Häner)
60830597,29029003.0|Stiebel Eltron
60830597,20260201.0|RAJA
60830597,24289090.0|Moedel
60874399,40011302.0|uvex
60874399,40011201.0|Honeywell
60874399,40040401.0|Gollmer & Hummel
60874399,40011201.0|KCL
60874399,40011301.0|ELTEN
60874399,24200201.0|HP
60874399,40011302.0|ELTEN
60874399,21100701.0|Zarges
60874399,40011201.0|Ansell
60874399,21100701.0|MUNK Günzburger Steigtechnik
60874399,21100421.0|Schaefer Group
60874399,21040301.0|Knipex
60874399,19069203.0|Jabra
60874399,40200102.0|Moedel
60874399,21040402.0|Wera
60874399,21041501.0|Kukko
60874399,20040190.0|Hünersdorff
60874399,40011301.0|uvex
60874399,21010101.0|Format
60874399,24200101.0|HP
60874399,20249190.0|ASUP
60874399,24310701.0|Bisley
60874399,24311101.0|Topstar
60874399,24321202.0|Brother
60874399,24321202.0|Dymo
60874399,21100420.0|Denios
60874399,21100420.0|Bauer
60874399,21011603.0|Bosch
60874399,24311101.0|HJH Office
60874399,21100420.0|LA-KA-PE (Ing. Alfred Häner)
60874399,21100420.0|Allit
60874399,29020101.0|SEVERIN
60874399,21040222.0|Hazet
60874399,24310701.0|Mauser Einrichtungssysteme
60874399,21079104.0|Tector
60874399,21109105.0|Lista
60874399,21080901.0|Unbekannt
60874399,24300304.0|Maul
60874399,21040222.0|KS Tools
60922385,24360105.0|OtterBox
60922385,21059106.0|Kärcher
60922385,21051990.0|Bosch
60922385,24210590.0|OtterBox
60922385,21050602.0|Kärcher
60922385,19069203.0|Jabra
60922385,21052190.0|Bosch
60922385,21059202.0|Bosch
60922385,19069092.0|Apple
60922385,19020402.0|Logitech
60922385,19020402.0|Cherry
60922385,27119001.0|Ledlenser
60922385,21051314.0|Bosch
60922385,29029004.0|Kärcher
60922385,19069203.0|GN Audio Germany
60922385,21052403.0|Bosch
60922385,24242304.0|Ecobra
60922385,21059202.0|Milwaukee
60922385,29029004.0|Bosch
60922385,27050604.0|Apple
60922385,24360204.0|Lenovo
60922385,19089204.0|Apple
60922385,21040401.0|Wera
60922385,19020401.0|Logitech
60922385,24210501.0|Bedifol
60922385,27200301.0|Fluke
60922385,24360204.0|OtterBox
60922385,24321202.0|Brother
60922385,19020503.0|Logitech
60922385,27110690.0|Osram
60922385,21052101.0|Bosch
60922385,19020401.0|Cherry
60922385,24291801.0|VELOFLEX Carsten Thormählen
60922385,36120202.0|Columbus McKinnon
60922385,23130103.0|PREISING
60922385,21050101.0|Bosch
60922385,21050602.0|Nilfisk-ALTO
60922385,19019201.0|Lenovo
60922385,19030101.0|AVM
60922385,29029004.0|Milwaukee
60922385,21160106.0|Bosch
60922385,21040402.0|Wera
60922385,19029004.0|Apple
60922385,21100701.0|Telesteps
60922385,21052101.0|Milwaukee
60922385,19089204.0|Jabra
60922385,21052205.0|Bosch
60922385,24200101.0|HP
60922385,24200201.0|Brother
60922385,21051990.0|Milwaukee
60922385,27062010.0|Fluke
60922385,22510201.0|Schake
60922385,19030312.0|Lenovo
60922385,19039190.0|Lenovo
60922385,21100101.0|Parat
60922385,40030201.0|Tork
60922385,27110303.0|LEDVANCE
60922385,19060107.0|Motorola
60922385,27110690.0|LEDVANCE
60922385,27371003.0|Schneider Electric
60922385,27371003.0|Siemens
60922385,21040401.0|Wiha
60922385,24260601.0|Igepa
60922385,29042901.0|Jacobs Douwe Egberts
60922385,21052190.0|Milwaukee
60922385,29042901.0|Jacobs
60922385,24200101.0|Epson
60922385,27040690.0|Riello UPS
60922385,29110190.0|HEIN Reinraum GmbH
60922385,24200101.0|Canon
60922385,29042901.0|Dallmayr
60922385,29020601.0|Siemens
60922385,24260601.0|Unbekannt
60922385,27371601.0|Finder
60922385,24250401.0|edding
60922385,21059201.0|Milwaukee
60922385,27110636.0|Philips
60922385,27050401.0|Physio-Control
60922385,27110636.0|LEDVANCE
60922385,30021507.0|Dr. Schumacher
60922385,24230590.0|tesa
60922385,24280601.0|Brother
60922385,27110303.0|RZB Leuchten
60922385,22510190.0|Hailo
60922385,24200101.0|Brother
60922385,21100701.0|KRAUSE
60951181,29110107.0|iPEP
60951181,21040301.0|Knipex
60951181,19069203.0|Logitech
60951181,40011603.0|3M
60951181,30021404.0|Herwe
60951181,19020102.0|Dell
60951181,21059202.0|Milwaukee
60951181,21040401.0|Wera
60951181,21059202.0|Bosch
60951181,40011201.0|Ansell
60951181,23330190.0|Henkel
60951181,19019190.0|Dell
60951181,24241690.0|edding
60951181,21040402.0|Wera
60951181,37010213.0|Bosch Rexroth
60951181,24321202.0|Brother
60951181,40011603.0|Howard Leight
60951181,40011201.0|care & serve
60951181,27371003.0|Siemens
60951181,24241607.0|edding
60951181,21040602.0|MARTOR
60951181,29120102.0|Emil Deiss
60951181,24230590.0|tesa
60951181,40011401.0|3M
60951181,21010101.0|Ruko
60951181,24250401.0|edding
60951181,40011301.0|ELTEN
60951181,21040401.0|Wiha
60951181,19020401.0|Logitech
60951181,30021404.0|Peter Greven Physioderm
60951181,19080501.0|LG
60951181,23330207.0|tesa
60951181,27371003.0|Eaton
60951181,24241601.0|edding
60951181,21019104.0|Kerb-Konus
60951181,40011201.0|Unbekannt
60951181,21052190.0|Bosch
60951181,27371302.0|Eaton
60951181,27110636.0|LEDVANCE
60951181,21011318.0|PFERD TOOLS
60951181,21040105.0|Wera
60951181,21059202.0|Makita
60951181,24280104.0|Herma
60951181,40200102.0|Wolk
60951181,40011603.0|Honeywell
60951181,29029004.0|Nilfisk-ALTO
60951181,27390190.0|Yubico
60951181,40030190.0|Herwe
60951181,21052190.0|Milwaukee
60951181,21011318.0|PFERD-Werkzeuge
60951181,37110190.0|foxiflex
60951181,21040202.0|Wera
60951181,40020301.0|Söhngen
60951181,19010108.0|Apple
60951181,21100421.0|Mauser
60951181,21040901.0|Erwin Halder
60951181,40200102.0|Moedel
60951181,24292701.0|Eurokraft
60951181,21040202.0|Hazet
60951181,40011201.0|Honeywell
60951181,27062010.0|Lapp Kabel
60951181,20269090.0|TransPak
60951181,27270902.0|Sick
60951181,21041203.0|Rapid
60951181,40020203.0|Unbekannt
60951181,29110107.0|3M
60951181,27220501.0|Schneider Electric
60951181,27270990.0|Sick
60951181,21051690.0|Josef Kränzle
60951181,19010107.0|HP
60951181,27270902.0|ifm electronic
60951181,24310302.0|Dell
61014595,19069203.0|Jabra
61014595,21059202.0|Makita
61014595,19030209.0|Samsung
61014595,21059202.0|Bosch
61014595,19020102.0|Lenovo
61014595,19020503.0|Logitech
61014595,21019190.0|Bosch
61014595,19020102.0|Dell
61014595,21059290.0|Bosch
61014595,21079105.0|der Rollende Shop
61014595,23330207.0|Schwertfeger
61014595,19080501.0|Samsung
61014595,19020503.0|Lenovo
61014595,19020402.0|Logitech
61014595,29110105.0|Kimberly-Clark
61014595,19019201.0|Lenovo
61014595,24210590.0|OtterBox
61014595,27260701.0|TE Connectivity
61014595,21052190.0|Bosch
61014595,19020401.0|Logitech
61014595,21011318.0|Mirka
61014595,37010401.0|Riegler
61014595,24289090.0|Herma
61014595,24200201.0|HP
61014595,19029003.0|Zebra
61014595,19060101.0|Yealink Network Technology
61014595,19069203.0|GN Audio Germany
61014595,24200101.0|HP
61014595,27371601.0|Finder
61014595,27250203.0|Phoenix Contact
61014595,27050604.0|Varta
61014595,23330190.0|Henkel
61014595,19030312.0|Lindy
61014595,40011301.0|ELTEN
61014595,23300701.0|Mädler
61014595,21040206.0|BGS Technic
61014595,40011301.0|Atlas
61014595,21040190.0|Stahlwille
61014595,19030312.0|Lenovo
61014595,19069203.0|Poly
61014595,21040706.0|SFS Group
61014595,21040706.0|GESIPA Blindniettechnik
61014595,21070301.0|Fetra
61014595,19039190.0|Lenovo
61014595,23330207.0|tesa
61014595,21130890.0|Mädler
61014595,19030101.0|ALLNET
61014595,24360105.0|OtterBox
61014595,29020101.0|Bosch
61014595,23170208.0|Optibelt
61014595,19100102.0|GoPro
61014595,29110107.0|3M
61014595,30021690.0|iPEP
61014595,21040401.0|Wera
61014595,24301190.0|Sanders Group
61014595,40011301.0|uvex
61014595,23301601.0|HIWIN
61014595,27250203.0|Murrelektronik
61014595,24360204.0|OtterBox
61014595,21130806.0|Otto Ganter
61014595,23090390.0|Mädler
61014595,27130801.0|Dehn
61014595,24210112.0|SanDisk
61014595,27140606.0|OBO BETTERMANN
61014595,24321202.0|Dymo
61014595,27371901.0|Pilz
61014595,27294290.0|Festo
61014595,27371003.0|Siemens
61014595,27260701.0|Binder
61014595,21040222.0|Stahlwille
61014595,23170101.0|Mädler
61014595,27290710.0|LANDEFELD
61014595,19030117.0|Ubiquiti Networks
61014595,21010101.0|Bosch
61014595,27260701.0|SKS Kontakttechnik
61014595,21170306.0|Mahr
61014595,21070301.0|Cordes
61014595,24321202.0|Brother
61014595,27062001.0|BQ CABLE
61014595,21011390.0|3M
61014595,19030209.0|SanDisk
61014595,23330190.0|Sika
61014595,23060401.0|Fronius
61014595,21052101.0|Bosch
61014595,21052101.0|Makita
61014595,23330207.0|Labelident
61014595,21050101.0|Bosch
61014595,24210501.0|Bedifol
61014595,27143101.0|Elsner Elektronik
61014595,37110190.0|Norres
61014595,23020104.0|Mädler
61014595,24301705.0|Kim Kranholdt
61014595,40011201.0|Nitras
61014595,21011318.0|ELMAG
61014595,24251504.0|Marabu
61014595,19069092.0|Delock
61014595,27140908.0|LANDEFELD
61014595,27061801.0|ROLINE
61014595,21040206.0|Heinz Hesse
61014595,21059016.0|Makita
61014595,37110190.0|LANDEFELD
61014595,24311101.0|Eurokraft
61014595,27290301.0|Festo
61014595,27142201.0|Hager
61014595,29020206.0|Bosch
61014595,29029004.0|Nilfisk-ALTO
61014595,40011201.0|Ansell
61014595,21049090.0|Hazet
61014595,19069203.0|HP
61014595,19039190.0|Ubiquiti Networks
61014595,19029003.0|Datalogic
61014595,24200302.0|Zebra
61014595,19030508.0|PeakTech
61014595,21043090.0|Janitza
61014595,27210902.0|Janitza
61014595,21130702.0|norelem Normelemente
61014595,19069091.0|RAM Mounts
61014595,27260701.0|RND
61014595,27371301.0|Rose
61014595,19030308.0|Crucial Technology
61014595,24360390.0|Owl Labs
61014595,21100701.0|Zarges
61014595,21011390.0|Bosch
61014595,27250101.0|Murrelektronik
61014595,27180102.0|Rose
61014595,27270690.0|RS Pro
61020458,19069203.0|Jabra
61020458,19069203.0|GN Audio Germany
61020458,24210501.0|Bedifol
61020458,22369105.0|OBO BETTERMANN
61020458,27200301.0|Fluke
61020458,19020503.0|Logitech
61020458,21040301.0|Knipex
61020458,27260701.0|Phoenix Contact
61020458,27260701.0|Stäubli
61020458,24321202.0|Brother
61020458,19089204.0|Apple
61020458,19020401.0|Logitech
61020458,19069203.0|Poly
61020458,24260103.0|3M
61020458,24210501.0|Kensington
61020458,27062001.0|Lapp Kabel
61020458,19069203.0|EPOS
61020458,24360204.0|Wenger
61020458,19019201.0|Microsoft
61020458,27260701.0|Rittal
61020458,21070301.0|Fetra
61020458,24301705.0|Durable
61020458,27141120.0|Phoenix Contact
61020458,24200101.0|HP
61020458,27062010.0|SKS Kontakttechnik
61020458,21040401.0|Wera
61020458,21100701.0|Zarges
61020458,24260601.0|Navigator
61020458,19069203.0|EPOS Sennheiser
61020458,19020102.0|Dell
61020458,21080101.0|Weller Tools
61020458,27050401.0|Varta
61020458,21040105.0|Gedore
61020458,19069092.0|Apple
61020458,21100420.0|Allit
61020458,24240501.0|Schneider
61020458,24240501.0|Schneider Schreibgeräte
61020458,27140602.0|Fränkische Rohrwerke
61020458,27400401.0|Phoenix Contact
61020458,21100420.0|PALETTEN-SERVICE Hamburg
61020458,27061801.0|Lapp Kabel
61020458,19069203.0|Hama
61020458,19020402.0|Cherry
61020458,21040601.0|Knipex
61020458,21040202.0|Gedore
61020458,27062010.0|Helukabel
61020458,24210501.0|3M
61020458,21100101.0|Knipex
61020458,27062010.0|Lapp Kabel
61020458,21040401.0|Wiha
61020458,27260701.0|Metz Connect
61020458,19020401.0|Microsoft
61020458,40020301.0|Söhngen
61020458,29042901.0|Melitta
61020458,27140908.0|OBO BETTERMANN
61020458,19069203.0|Logitech
61020458,27141901.0|Siemens
61020458,24210590.0|Bedifol
61020458,19029004.0|Microsoft
61020458,27200301.0|Benning
61020458,19060107.0|Kenwood
61020458,24260203.0|Soennecken
61020458,27119090.0|Ledlenser
61020458,27062001.0|Unbekannt
61020458,21100420.0|CEMO
61020458,27140702.0|HellermannTyton
61020458,21100101.0|Tanos
61020458,29110107.0|Elos
61020458,24260601.0|The Navigator Company
61020458,21059202.0|Makita
61020458,27050401.0|Duracell
61020458,19020402.0|Logitech
61020458,27110410.0|Makita
61020458,19039190.0|Microsoft
61020458,40011302.0|ELTEN
61020458,21040302.0|Knipex
61020458,40030201.0|Tork
61020458,21040402.0|Wera
61020458,27371302.0|Siemens
61020458,19030312.0|Apple
61020458,27400201.0|Klauke
61020458,21040105.0|Stahlwille
61020458,23330207.0|tesa
61020458,27371003.0|Siemens
61020458,24290101.0|Leitz
61020458,24240501.0|STABILO
61020458,27061801.0|LogiLink
61020458,27141141.0|Phoenix Contact
61020458,21040104.0|Gedore
61020458,21059202.0|Bosch
61020458,21080901.0|Weller Tools
61020458,27400203.0|Klauke
61020458,27141133.0|Phoenix Contact
61020458,40200102.0|Wolk
61020458,21040202.0|Stahlwille
61020458,27141104.0|WAGO Kontakttechnik
61020458,27370401.0|Siemens
61020458,24301502.0|Franken
61020458,40030212.0|Fripa
61020458,40030201.0|Metsä
61020458,21100405.0|BASI
61020458,21040301.0|Weidmüller
61020458,24221000.0|Trodat
61020458,19019201.0|i-tec
61020458,19089202.0|Jabra
61020458,40011301.0|ELTEN
61020458,27062010.0|Stäubli
61020458,40200102.0|Moedel
61020458,27149102.0|3M
61020458,22270106.0|Unbekannt
61020458,27400107.0|Behr Bircher Cellpack BBC
61020458,27062005.0|Unbekannt
61020458,21010101.0|Ruko
61020458,27119001.0|Ledlenser
61020458,21100421.0|Schaefer Group
61020458,40011501.0|uvex
61020458,24301802.0|Sigel
61020458,24301610.0|update displays
61020458,24311105.0|Kappes Systeme
61020458,27180710.0|Siemens
61020458,27260701.0|SKS Kontakttechnik
61020458,19019201.0|HP
61020458,27182590.0|Rittal
61020458,29042901.0|Lavazza
61020458,24340601.0|walther design
61020458,19069203.0|HP
61020458,21050602.0|Kärcher
61020458,27061801.0|Draka
61020458,37020401.0|LANDEFELD
61020458,21040301.0|PATCHBOX
61020458,27050604.0|Unbekannt
61020458,40020205.0|Durable
61020458,23130107.0|Milwaukee
61020458,23130107.0|Petzl
61020458,29042901.0|Unbekannt
61039164,21040301.0|Knipex
61039164,21052190.0|Bosch
61039164,21100412.0|C+P Möbelsysteme
61039164,21052103.0|Bosch
61039164,21100701.0|KRAUSE
61039164,21070301.0|Fetra
61039164,21100401.0|META
61039164,21109102.0|META
61039164,21040302.0|Knipex
61039164,21040401.0|Wera
61039164,21040601.0|Knipex
61039164,21052190.0|Makita
61039164,21059202.0|Makita
61039164,21040402.0|Wera
61039164,40200202.0|Kroschke
61039164,21040602.0|MARTOR
61039164,21019190.0|Bosch
61039164,21052101.0|Bosch
61039164,24300902.0|Magna-C
61039164,21100420.0|LA-KA-PE (Ing. Alfred Häner)
61039164,21059202.0|Bosch
61039164,24260601.0|Viking
61039164,21040222.0|Hazet
61039164,21019190.0|Makita
61039164,21100801.0|KRAUSE
61039164,21040301.0|Klauke
61039164,24260601.0|International Paper
61039164,21040206.0|PROJAHN Präzisionswerkzeuge
61039164,24321103.0|Zebra
61039164,21040901.0|Erwin Halder
61039164,27200301.0|Fluke
61039164,20420205.0|TransPak
61039164,21020701.0|Otto Ganter
61039164,40200202.0|Schilder Klar
61039164,21041601.0|BESSEY Tool
61039164,21043390.0|Banholzer & Wenz
61039164,24321202.0|Brother
61039164,21040301.0|Weidmüller
61039164,21010101.0|Bosch
61039164,24291601.0|Leitz
61039164,21100407.0|Düperthal
61039164,21040202.0|Proxxon
61039164,24321902.0|Acer
61039164,24321602.0|Acco
61039164,21040202.0|Wera
61039164,21040222.0|Stahlwille
61039164,40030201.0|Tork
61039164,21010210.0|Forum
61039164,21049103.0|MARTOR
61039164,24310101.0|Topstar
61039164,21011603.0|Bosch
61039164,21040105.0|Gedore
61039164,24260601.0|HP
61039164,21052101.0|Milwaukee
61039164,24311101.0|Bimos
61039164,21051306.0|Festool
61039164,24250401.0|edding
61039164,24301705.0|Durable
61039164,24311101.0|Dauphin
61039164,24260103.0|3M
61039164,21011318.0|Bosch
61039164,29042901.0|Unbekannt
61039164,37110290.0|Josef Kränzle
61039164,21050101.0|Makita
61039164,21040208.0|Stahlwille
61039164,21040301.0|JOKARI-Krampe
61039164,21071101.0|Facom
61039164,21010101.0|Ruko
61039164,21109102.0|CEMO
61039164,21160104.0|Nedo
61039164,21040401.0|Wiha
61039164,24301610.0|VKF Renzel
61039164,21010101.0|Gühring
61039164,21040301.0|Harting
61039164,29120102.0|SULO
61039164,21010101.0|Forum
61039164,24260601.0|The Navigator Company
61039164,21040202.0|Hazet
61039164,21051502.0|Bosch
61039164,21040220.0|ASW
61039164,21100405.0|masunt
61039164,21051690.0|Kärcher
61039164,21041105.0|Lessmann
61039164,21100420.0|Unbekannt
61039164,21011318.0|Klingspor
61039164,24300101.0|Franken
61039164,24311101.0|Topstar
61039164,21100420.0|Alpha Paletten & Boxen
61039164,21109102.0|SCHULTE Lagertechnik
61039164,21051690.0|Josef Kränzle
61039164,21040402.0|Bosch
61039164,21043090.0|Lapp Kabel
61039164,29090301.0|elasto
61039164,24230590.0|tesa
61039164,21010210.0|Völkel
61039164,24292205.0|Orgatex
61039164,24240501.0|Schneider Schreibgeräte
61039164,24260203.0|Baier & Schneider
61039164,27200301.0|Benning
61039164,21010210.0|Ruko
61039164,20269090.0|Paul Hildebrandt
61039164,21040301.0|Phoenix Contact
61039164,24262304.0|TransPak
61039164,20429090.0|Grizzlybag
61039164,21040105.0|Hazet
61039164,24241607.0|edding
61039164,24260601.0|Inapa
61039164,21043090.0|Rennsteig
61039164,21160108.0|STABILA Messgeräte
61039164,21100801.0|KRAUSE-Werk
61039164,21040220.0|KS Tools
61039164,29120102.0|VAR Fahrzeug- und Apparatebau
61039164,24240702.0|Pentel
61039164,24301502.0|Franken
61039164,24321202.0|Dymo
61039164,21010101.0|Format
61039164,21100701.0|KRAUSE-Werk
61039164,21011318.0|PFERD-Werkzeuge
61039164,21040105.0|Facom
61039164,21160103.0|BMI
61039164,21050101.0|Bosch
61039164,24301610.0|Durable
61039164,21041501.0|Kukko
61039164,29120102.0|Deiss
61039164,21040702.0|Alfra
61039164,21040202.0|KS Tools
61039164,40200202.0|Labelident
61039164,24289090.0|Herma
61039164,21040601.0|Original LÖWE
61039164,24300304.0|Franken
61039164,24321902.0|XGIMI
61039164,21041105.0|PFERD-Werkzeuge
61039164,21100405.0|ABUS
61039164,21059202.0|Metabo
61039164,21130806.0|Otto Ganter
61039164,40200103.0|Kroschke
61039164,21040202.0|Heinz Hesse
61039164,40200102.0|Moedel
61039164,29090302.0|Bravilor Bonamat
61039164,21040202.0|Facom
61039164,24321202.0|Newell Brands
61039164,21010101.0|Fein
61039164,20360101.0|Banholzer & Wenz
61039164,24290101.0|Leitz
61039164,21109102.0|Bauer
61039164,24310701.0|C+P Möbelsysteme
61039164,21160105.0|Cimco
61039164,24290101.0|Biella
61039164,40200102.0|Kroschke
61039164,21011601.0|Unbekannt
61188137,27371003.0|Siemens
61188137,37010213.0|Bosch Rexroth
61188137,27270101.0|Balluff
61188137,23300601.0|Accuride
61188137,21052190.0|Milwaukee
61188137,21059202.0|Milwaukee
61188137,27290201.0|Festo
61188137,27371813.0|ifm electronic
61188137,23110603.0|SIP
61188137,27140602.0|OBO BETTERMANN
61188137,21100421.0|Schaefer Group
61188137,27300302.0|Bosch Rexroth
61188137,27140905.0|Delock
61188137,27371003.0|Eaton
61188137,27260701.0|Stäubli
61188137,21052101.0|Milwaukee
61188137,29029004.0|Kärcher
61188137,20030106.0|TransPak
61188137,27301203.0|Bosch Rexroth
61188137,27370491.0|Eaton
61188137,37010213.0|Festo
61188137,21040402.0|Wera
61188137,21070301.0|Helge Nyberg
61188137,40011401.0|Dräger
61188137,27270990.0|wenglor sensoric
61188137,23330390.0|3M
61188137,29090201.0|Esmeyer
61188137,27140702.0|HellermannTyton
61188137,27290301.0|Festo
61188137,27062010.0|Lapp Kabel
61188137,27371901.0|Pilz
61188137,27270990.0|Balluff
61188137,27371205.0|Harting
61188137,36129205.0|FLAIG
61188137,21040301.0|Rennsteig
61188137,27294290.0|Festo
61188137,32031802.0|Erich Drehkopf
61188137,20380205.0|SL
61188137,27299090.0|IMI Norgren
61188137,21100420.0|Schaefer Group
61188137,24230309.0|tesa
61188137,27371238.0|Euchner
61188137,21070301.0|Fetra
61188137,23070601.0|Unbekannt
61188137,27270990.0|ifm electronic
61188137,21059202.0|Bosch
61188137,27050401.0|Varta
61188137,27260701.0|Harting
61188137,21040602.0|MARTOR
61188137,37110390.0|LANDEFELD
61188137,23110102.0|Reyher
61188137,21100420.0|LA-KA-PE (Ing. Alfred Häner)
61188137,21100701.0|Zarges
61188137,27260701.0|Phoenix Contact
61188137,21011603.0|Bosch
61188137,21059202.0|Makita
61188137,21130603.0|Gutekunst
61188137,27371902.0|Pilz
61188137,23110102.0|Unbekannt
61188137,27300290.0|Bosch Rexroth
61188137,27371302.0|Eaton
61188137,27062010.0|Stäubli
61188137,21130890.0|Mädler
61188137,27299190.0|Festo
61188137,27062001.0|Lapp Kabel
61188137,21041102.0|Nölle Profi Brush
61188137,27371901.0|Phoenix Contact
61188137,27119001.0|SCANGRIP
61188137,21041501.0|Facom
61188137,29090301.0|Ritzenhoff & Breker
61188137,21040302.0|Knipex
61188137,27299202.0|Festo
61188137,27272704.0|Sick
61188137,27270902.0|wenglor sensoric
61188137,21020801.0|norelem Normelemente
61188137,21040401.0|Wera
61188137,29090301.0|CATERADO
61188137,21040401.0|PB Swiss Tools
61188137,21052190.0|Bosch
61188137,27140606.0|OBO BETTERMANN
61188137,24230590.0|tesa
61188137,21059190.0|Kärcher
61188137,27140908.0|OBO BETTERMANN
61188137,21080101.0|JBC
61188137,27260701.0|Murrelektronik
61188137,27060402.0|Kalle das Kabel
61188137,27140608.0|OBO BETTERMANN
61188137,23110801.0|SIP
61188137,22360605.0|LANDEFELD
61188137,27301890.0|HYDAC
61188137,24260103.0|3M
61188137,27371601.0|Finder
61188137,27270104.0|Festo
61188137,29110105.0|Tork
61188137,27371501.0|Eaton
61188137,21100420.0|Zarges
61188137,27370401.0|Siemens
61188137,24310701.0|C+P Möbelsysteme
61188137,29100201.0|1-PACK
61188137,29090101.0|Vega
61188137,23050190.0|Igus
61188137,29029004.0|Nilfisk-ALTO
61188137,23029290.0|Mädler
61188137,21079105.0|BS Rollen
61188137,21040190.0|Stahlwille
61188137,27299220.0|LANDEFELD
61188137,27270690.0|Pepperl+Fuchs
61188137,27371901.0|Eaton
61188137,36129104.0|Mädler
61188137,21010101.0|Ruko
61188137,23050801.0|SKF
61188137,27371601.0|Phoenix Contact
61188137,40020501.0|1A Tapes
61188137,21050602.0|Ersa Löttechnik
61188137,24200201.0|HP
61188137,27294201.0|Festo
61188137,27270990.0|Leuze electronic
61188137,36129104.0|Torwegge
61188137,29029104.0|JURA Elektroapparate
61188137,37010401.0|LANDEFELD
61188137,21040105.0|Wera
61188137,21040301.0|Phoenix Contact
61188137,21020801.0|Otto Ganter
61188137,20420290.0|Ratioform Verpackungen
61188137,27220601.0|Festo
61188137,37010201.0|Sang-A
61188137,27260701.0|Hirschmann
61188137,40011603.0|3M
61188137,23159090.0|OBO BETTERMANN
61188137,24230490.0|tesa
61188137,27270101.0|ifm electronic
61188137,23330207.0|tesa
61188137,27143424.0|Harting
61188137,28079101.0|Fischer Fahrrad
61188137,21109101.0|Floordirekt
61188137,20380205.0|TransPak
61188137,23330302.0|Wetec
61188137,21010101.0|Format
61188137,27189234.0|Rittal
61188137,21040202.0|Wera
61188137,27370401.0|ABB
61188137,27371228.0|Eaton
61188137,27050401.0|Anker
61188137,21010101.0|Bohrcraft
61188137,29043801.0|Ritter Sport
61188137,21100101.0|GT Line
61188137,36410302.0|Bosch Rexroth
61188137,27273201.0|HYDAC
61188137,27141120.0|WAGO Kontakttechnik
61188137,29029104.0|JURA
61213747,24311101.0|Leyform
61213747,19060106.0|Apple
61213747,21011318.0|PFERD-Werkzeuge
61213747,40011201.0|Nitras
61213747,19020503.0|Logitech
61213747,19069203.0|Jabra
61213747,21011315.0|PFERD-Werkzeuge
61213747,19020401.0|Logitech
61213747,19060106.0|Samsung
61213747,23330190.0|Henkel
61213747,21011318.0|Klingspor
61213747,40011401.0|3M
61213747,21043390.0|Banholzer & Wenz
61213747,40011405.0|3M
61213747,21100420.0|BITO-Lagertechnik
61213747,19019201.0|HP
61213747,19020402.0|Logitech
61213747,40011101.0|3M
61213747,19069203.0|GN Audio Germany
61213747,29110105.0|iPEP
61213747,40011410.0|3M
61213747,21059202.0|Bosch
61213747,21040301.0|Knipex
61213747,21100421.0|BITO-Lagertechnik
61213747,19020401.0|3Dconnexion
61213747,40011201.0|Ansell
61213747,27050401.0|3M
61213747,21011318.0|3M
61213747,23330190.0|Weicon
61213747,29110105.0|Kimberly-Clark
61213747,20269090.0|TransPak
61213747,21011311.0|PFERD-Werkzeuge
61213747,40011503.0|3M
61213747,27062010.0|Lapp Kabel
61213747,21011319.0|PFERD TOOLS
61213747,27142604.0|Bachmann
61213747,21059202.0|Makita
61213747,27260701.0|Phoenix Contact
61213747,19089204.0|Apple
61213747,24321202.0|Brother
61213747,30021404.0|SC Johnson
61213747,24360204.0|Wenger
61213747,40011501.0|uvex
61213747,27142604.0|Brennenstuhl
61213747,21079105.0|Blickle Räder+Rollen
61213747,21100420.0|Zarges
61213747,23050901.0|SKF
61213747,21089290.0|Stürmer Maschinen
61213747,37110390.0|Riegler
61213747,21050101.0|Makita
61213747,21071101.0|KS Tools
61213747,21109090.0|Rapid
61213747,23110111.0|SPAX International
61213747,29042901.0|Dallmayr
61213747,24311101.0|Dauphin
61213747,21011320.0|PFERD-Werkzeuge
61213747,40011301.0|Atlas
61213747,21052190.0|Makita
61213747,21079105.0|BS Rollen
61213747,40011301.0|ELTEN
61213747,27371003.0|Siemens
61213747,27200601.0|WIKA
61213747,40020301.0|TMS PRO SHOP
61213747,27210702.0|JUMO
61213747,40011301.0|ISM
61213747,27110307.0|Regiolux
61213747,24261301.0|Canon
61213747,19069203.0|Logitech
61213747,23050911.0|SKF
61213747,23330207.0|tesa
61213747,27294101.0|Metabo
61213747,21100701.0|MUNK Günzburger Steigtechnik
61213747,22360605.0|OBO BETTERMANN
61213747,27140606.0|Niedax
61213747,40011201.0|AMPri
61213747,23152101.0|fischer
61213747,27261290.0|Harting
61213747,21100701.0|Zarges
61213747,20260103.0|Unbekannt
61213747,21079104.0|Rema
61213747,20269090.0|Valdemar Krog
61213747,21010210.0|ATORN
61213747,27119001.0|Milwaukee
61213747,27260701.0|Pomona
61280634,40011301.0|Atlas
61280634,21070301.0|Fetra
61280634,40011301.0|uvex
61280634,40011301.0|ELTEN
61280634,24200201.0|HP
61280634,40011304.0|Birkenstock
61280634,40011305.0|Birkenstock
61280634,19029003.0|Zebra
61280634,40011301.0|Abeba
61280634,24360204.0|Dell
61280634,40011201.0|Ansell
61280634,19020503.0|Logitech
61280634,32011604.0|Andonstar
61280634,24321202.0|Brother
61280634,21040401.0|Wera
61280634,21040301.0|Knipex
61280634,21100420.0|LA-KA-PE (Ing. Alfred Häner)
61280634,27049190.0|Phoenix Contact
61280634,24260103.0|3M
61280634,19020102.0|Samsung
61280634,21040602.0|MARTOR
61280634,40011301.0|U-Power
61280634,40011301.0|ISM
61280634,19030103.0|Sandberg
61280634,21080101.0|JBC
61280634,27050401.0|Ansmann
61280634,27140602.0|Tehalit
61280634,27371901.0|Pilz
61280634,19019190.0|Dell
61280634,19030312.0|Lindy
61280634,40011301.0|HAIX Group
61280634,27371228.0|Eaton
61280634,21020701.0|AMF Andreas Maier
61280634,27371302.0|Eaton
61280634,30309090.0|Unbekannt
61280634,40010103.0|Ansell
61280634,23100101.0|Reyher
61280634,27200301.0|Fluke
61280634,20390301.0|Schülke
61280634,29100201.0|PAPSTAR
61280634,19029004.0|Apple
61280634,27050604.0|Apple
61280634,21100420.0|Unbekannt
61304161,29042901.0|Lavazza
61304161,24230309.0|tesa
61304161,27050401.0|Varta
61304161,21059106.0|Nilfisk-ALTO
61304161,40011301.0|Atlas
61304161,19069203.0|Poly
61304161,29042901.0|Melitta
61304161,21040602.0|MARTOR
61304161,24321202.0|Brother
61304161,24230590.0|3M
61304161,29090301.0|elasto
61304161,23152101.0|fischer
61304161,24221001.0|Trodat
61304161,19060106.0|Samsung
61304161,37110190.0|LANDEFELD
61304161,19069203.0|HP
61304161,19060106.0|Apple
61304161,27110303.0|SYNERGY 21
61304161,24230590.0|Enviro Group
61304161,21051690.0|Nilfisk-ALTO
61304161,24200101.0|Canon
61304161,21100701.0|Layher
61304161,29029104.0|JURA
61304161,27119001.0|Brennenstuhl
61304161,23050801.0|SKF
61304161,24292006.0|Durable
61304161,21060890.0|Metabo
61304161,29029004.0|Kärcher
61304161,40040401.0|Gollmer & Hummel
61304161,29110105.0|1-PACK
61304161,21100420.0|Walther Faltsysteme
61304161,27040690.0|Riello UPS
61304161,40011302.0|ISM
61306537,19020102.0|Iiyama
61306537,19020402.0|Logitech
61306537,19020401.0|Logitech
61306537,19010107.0|Lenovo
61306537,19020402.0|Cherry
61306537,27200301.0|Keithley Instruments
61306537,19020503.0|Logitech
61306537,19069203.0|Jabra
61306537,21040302.0|Weller Tools
61306537,19020102.0|Samsung
61306537,19019201.0|Lenovo
61306537,19030508.0|Aim-TTi
61306537,24280890.0|polytags
61306537,19030209.0|Samsung
61306537,21040302.0|Knipex
61306537,19069203.0|Poly
61306537,19030312.0|Delock
61306537,21040301.0|Knipex
61306537,19069203.0|GN Audio Germany
61306537,24230109.0|Henkel
61306537,19020402.0|Wortmann
61306537,21040602.0|MARTOR
61306537,27140702.0|HellermannTyton
61306537,21040402.0|Wera
61306537,24210113.0|SanDisk
61306537,19069203.0|Grandstream
61306537,19010105.0|GEEKOM
61306537,29110105.0|Tork
61306537,21040401.0|Wera
61306537,19020102.0|Philips
61306537,27260701.0|SKS Kontakttechnik
61306537,24360204.0|Wenger
61306537,40011201.0|ATG
61306537,27260701.0|WAGO Kontakttechnik
61306537,24301705.0|Durable
61306537,27242207.0|Siemens
61306537,27050604.0|Lenovo
61306537,24321202.0|Brother
61306537,21089101.0|Weller Tools
61306537,27260701.0|Hirschmann
61306537,27061801.0|EFB-Elektronik
61306537,19010108.0|Apple
61306537,21170306.0|Mitutoyo
61306537,27399090.0|Hikvision
61306537,22360303.0|MIRRORS AND MORE
61306537,40020301.0|Söhngen
61306537,27050604.0|Mediarange
61306537,27142604.0|Intellinet
61306537,27062010.0|SKS Kontakttechnik
61306537,24280890.0|Avery
61306537,40020201.0|Temka
61306537,19030308.0|Kingston Technology
61310533,40011201.0|Texxor
61310533,24200101.0|HP
61310533,19069203.0|Jabra
61310533,19020401.0|Logitech
61310533,19069203.0|GN Audio Germany
61310533,27040690.0|APC
61310533,20140402.0|RAJA
61310533,19020503.0|Logitech
61310533,24292002.0|Leitz
61310533,24321202.0|Dymo
61310533,19020402.0|Logitech
61310533,37010213.0|Festo
61310533,40011201.0|Ansell
61310533,27050401.0|Varta
61310533,19019201.0|Dell
61310533,27142604.0|Bachmann
61310533,19069203.0|Poly
61310533,27294101.0|Festo
61310533,40011301.0|uvex
61310533,27371003.0|Siemens
61310533,19020402.0|Cherry
61310533,27061801.0|ROLINE
61310533,27050401.0|Saft
61310533,27371901.0|Pilz
61310533,24321202.0|Brother
61310533,27290904.0|SMC
61310533,24301705.0|Durable
61310533,24292002.0|Exacompta
61310533,40011201.0|Unigloves
61310533,21100420.0|Schaefer Group
61310533,40030201.0|Fripa
61310533,21100420.0|Aqurado
61310533,20260201.0|RAJA
61310533,20030106.0|RAJA
61310533,36430990.0|ebm-papst
61310533,27061801.0|Metz Connect
61310533,40011201.0|ATG
61310533,27050401.0|Multipower
61310533,27200301.0|Fluke
61310533,40020803.0|Wado Marotech GmbH
61332144,21040301.0|Knipex
61332144,24321202.0|Dymo
61332144,24260601.0|Xerox
61332144,24241607.0|edding
61332144,27050401.0|Varta
61332144,24260601.0|Inapa
61332144,21052390.0|Bosch
61332144,27143424.0|Harting
61332144,40020103.0|IKAR
61332144,27200301.0|Benning
61332144,27200301.0|Fluke
61332144,21109105.0|Schaefer Group
61332144,27260701.0|Harting
61332144,21100420.0|AUER Packaging
61332144,24320502.0|Casio
61332144,21170306.0|Mitutoyo
61332144,24260601.0|HP
61332144,21040401.0|Wera
61332144,27142604.0|Bachmann
61332144,24350103.0|Europa-Lehrmittel
61332144,27371205.0|Harting
61332144,21059202.0|Bosch
61332144,21040301.0|Weidmüller
61332144,27371302.0|Siemens
61332144,21070301.0|Cordes
61332144,22360606.0|WK
61332144,21101290.0|magnetoplan
61332144,29020601.0|De'Longhi
61332144,19100101.0|Kodak
61332144,21040601.0|Knipex
61332144,27371003.0|Siemens
61332144,21010101.0|PROJAHN Präzisionswerkzeuge
61332144,21040301.0|Harting
61332144,21070301.0|Fetra
61332144,19030209.0|Western Digital
61332144,21100101.0|Knipex
61332144,21100201.0|Manuflex
61332144,21010210.0|Gühring
61332144,21109102.0|META
61332144,19080501.0|Samsung
61332144,27261290.0|Harting
61332144,21100101.0|Parat
61332144,24292701.0|Durable
61332144,21100412.0|Lüllmann
61332144,21040301.0|Souriau by Eaton
61332144,21010210.0|Unbekannt
61332144,40011101.0|3M
61332144,21059202.0|Fein
61332144,21041501.0|Gedore
61332144,27140602.0|Lapp Kabel
61332144,27119001.0|RS Pro
61332144,27269190.0|Raspberry Pi
61332144,23120201.0|RUD Ketten Rieger & Dietz
61332144,21040301.0|Quadrios
61340705,19069203.0|Jabra
61340705,19020102.0|Dell
61340705,19069203.0|GN Audio Germany
61340705,19020208.0|HP
61340705,40011201.0|Ansell
61340705,19060101.0|Unify
61340705,19020401.0|Logitech
61340705,24260601.0|Unbekannt
61340705,24200101.0|HP
61340705,24230590.0|tesa
61340705,40030201.0|Fripa
61340705,19020503.0|Logitech
61340705,19020102.0|Samsung
61340705,19069203.0|Poly
61340705,19029003.0|Datalogic
61340705,19020402.0|Logitech
61340705,30021404.0|SC Johnson
61340705,21059202.0|Makita
61340705,24250401.0|edding
61340705,19089202.0|Jabra
61340705,23051002.0|FAG
61340705,20270104.0|RAJA
61340705,27250203.0|Siemens
61340705,19020402.0|Dell
61340705,23330190.0|Henkel
61340705,19019201.0|Dell
61340705,40011201.0|uvex
61340705,21070301.0|Fetra
61340705,40030212.0|BAXX
61340705,24260601.0|UPM
61340705,19030209.0|Samsung
61340705,21040602.0|MARTOR
61340705,23050803.0|FAG
61340705,40011301.0|uvex
61340705,40011301.0|ELTEN
61340705,40011401.0|Moldex/Metric
61340705,24292001.0|Leitz
61340705,37110190.0|Norres
61340705,25240504.0|HP
61340705,23060101.0|WD-40 Company
61340705,40011301.0|Atlas
61340705,23050901.0|FAG
61340705,23071301.0|Denios
61340705,21010101.0|Format
61340705,40011301.0|ISM
61340705,40011201.0|AMPri
61340705,30021401.0|WD-40 Company
61340705,19020102.0|HP
61340705,32030110.0|Plastique Gosselin
61340705,40030212.0|Unbekannt
61340705,40200102.0|Moedel
61340705,23159090.0|Otto Ganter
61340705,30010302.0|PIG
61340705,32012102.0|Elma
61340705,21051990.0|Makita
61340705,20360101.0|LINDER
61340705,40200102.0|Wolk
61349064,19060106.0|Samsung
61349064,19069203.0|Jabra
61349064,19010107.0|Dell
61349064,19010108.0|Samsung
61349064,19019201.0|Dell
61349064,19020102.0|Dell
61349064,19010108.0|Acer
61349064,19069203.0|GN Audio Germany
61349064,19010107.0|Acer
61349064,24200101.0|HP
61349064,19020102.0|Samsung
61349064,24210590.0|Bedifol
61349064,19020401.0|Logitech
61349064,19020402.0|Logitech
61349064,19010105.0|Asus
61349064,19019201.0|i-tec
61349064,24360105.0|NALIA
61349064,24360204.0|HP
61349064,24200101.0|HP Deutschland
61349064,19020208.0|HP
61349064,27050604.0|Samsung
61349064,19020402.0|Cherry
61349064,40011201.0|Franz Mensch
61349064,24360204.0|Dell
61349064,21100420.0|ALUTEC MÜNCHEN
61349064,29042901.0|Melitta
61349064,19020503.0|Albrecht
61349064,21040301.0|Regur
61349064,24260601.0|Schaefer Group
61349064,19020102.0|Wortmann
61349064,21059106.0|Nilfisk-ALTO
61349064,27399090.0|LogiLink
61349064,19069205.0|PanzerGlass
61349064,29020601.0|Philips
61349064,21070301.0|Conmetall Meister
61354490,37010213.0|Festo
61354490,27220601.0|Festo
61354490,19020102.0|Iiyama
61354490,21040105.0|Gedore
61354490,21040401.0|Wera
61354490,24321202.0|Brother
61354490,27290201.0|Festo
61354490,29020601.0|Saeco
61354490,21040301.0|Knipex
61354490,27294290.0|Festo
61354490,27294101.0|Festo
61354490,23099090.0|Otto Ganter
61354490,28079101.0|Fischer Fahrrad
61354490,36120301.0|Jungheinrich PROFISHOP
61354490,24292002.0|Leitz
61354490,27141141.0|Phoenix Contact
61354490,36609229.0|RÖHM
61354490,23330190.0|Henkel
61354490,21059202.0|Bosch
61354490,21011311.0|Rhodius Abrasives
61354490,23330190.0|UHU
61354490,21011318.0|PFERD-Werkzeuge
61354490,27049190.0|Phoenix Contact
61354490,27294290.0|Parker
61354490,24200201.0|Xerox
61354490,27371302.0|ABB
61354490,27294205.0|CEJN
61354490,21079105.0|Blickle Räder+Rollen
61354490,19039090.0|Yubico
61354490,27061801.0|Metz Connect
61354490,21052101.0|Hazet
61354490,27141120.0|Phoenix Contact
61354490,27049201.0|APC
61354490,23079090.0|Henkel
61354490,21080101.0|Weller Tools
61354490,27141104.0|Phoenix Contact
61354490,21160106.0|Bosch
61354490,19020402.0|Cherry
61354490,21170306.0|Mitutoyo
61354490,29020206.0|Electrolux
61354490,19039001.0|Cisco
61354490,27130801.0|Phoenix Contact
61372435,21059202.0|Makita
61372435,21070301.0|Fetra
61372435,21100701.0|KRAUSE
61372435,29120101.0|SC Johnson
61372435,22510190.0|Hailo
61372435,27142602.0|Brennenstuhl
61372435,40010402.0|Elka
61372435,21051314.0|Makita
61372435,40011301.0|ELTEN
61372435,40010102.0|Norit Warnschutz
61372435,23230101.0|GEZE
61372435,21070301.0|Gardena
61372435,40011301.0|uvex
61372435,21050101.0|Makita
61372435,29119090.0|FLORA
61372435,27110601.0|Philips
61372435,29042901.0|Jacobs
61372435,40020102.0|Petzl
61372435,21100701.0|Hailo
61372435,40020205.0|Moravia
61372435,30021404.0|SC Johnson
61372435,21040401.0|Wera
61372435,40200102.0|Moedel
61372435,21041004.0|FLORA
61372435,40011301.0|BIG
61372435,40020104.0|Skylotec
61372435,22510190.0|KRAUSE
61372435,29020605.0|WMF
61372435,40011301.0|U-Group
61372435,22399090.0|Stiebel Eltron
61454619,29042901.0|Dallmayr
61454619,29042901.0|Eilles
61454619,27110310.0|Styro
61454619,24260103.0|3M
61454619,29042901.0|J.J. Darboven
61454619,29043001.0|Teekanne
61454619,24321202.0|Brother
61454619,29042901.0|Lavazza
61454619,29042901.0|Jacobs Douwe Egberts
61454619,27110310.0|HANSA world of office
61454619,29042901.0|Luigi Lavazza Deutschland
61454619,40200103.0|Schilder Klar
61457883,24200201.0|HP
61457883,24200101.0|HP
61457883,19069203.0|Jabra
61457883,24260601.0|Unbekannt
61457883,21040602.0|MARTOR
61457883,24260601.0|HP
61457883,19039190.0|HP
61457883,27061801.0|EasyLan
61457883,24260601.0|Igepa
61457883,19069203.0|GN Audio Germany
61457883,19020503.0|Logitech
61457883,27061801.0|Sacon
61457883,23190110.0|ABUS
61457883,21052190.0|Bosch
61457883,19020401.0|Logitech
61457883,24200201.0|Lexmark
61457883,21100701.0|Zarges
61457883,40040101.0|Hekatron
61457883,23110111.0|SPAX International
61457883,24321202.0|Brother
61457883,27050401.0|Varta
61457883,23330390.0|tesa
61457883,21059202.0|Makita
61457883,22360101.0|Schell
61457883,24321202.0|Dymo
61457883,24289090.0|Herma
61457883,24210501.0|3M
61457883,29069090.0|B.PRO
61457883,19020102.0|Samsung
61457883,24260601.0|The Navigator Company
61457883,24250401.0|edding
61457883,24260601.0|UPM
61457883,22369102.0|Geberit
61457883,24230590.0|tesa
61457883,24210501.0|Bedifol
61457883,40011201.0|Ansell
61457883,21049103.0|MARTOR
61457883,40011201.0|BIG
61457883,21059202.0|Bosch
61457883,29069090.0|Blanco
61457883,40020201.0|R. Scholz
61457883,29060791.0|Blanco
61457883,27142604.0|InLine
61457883,40011301.0|ELTEN
61457883,29069090.0|Assheuer + Pott
61457883,21011603.0|Bosch
61457883,24260601.0|Inapa
61457883,23230101.0|GEZE
61457883,29069090.0|WAS Germany
61457883,23110111.0|Unbekannt
61457883,24240501.0|Schneider Schreibgeräte
61457883,24221001.0|Trodat
61457883,29069090.0|Contacto Bander
61457883,40200102.0|Wolk
61457883,27110690.0|RS Pro
61457883,27110690.0|Osram
61457883,19080501.0|Samsung
61457883,23190110.0|Burg-Wächter
61457883,27142604.0|Bachmann
61457883,19100101.0|AGFA Photo
61457883,24241606.0|edding
61457883,24289090.0|Avery
61457883,29120102.0|Rubbermaid Commercial Products
61457883,24240501.0|BIC
61457883,29069090.0|Schneider
61457883,19020402.0|Logitech
61457883,23330390.0|3M
61457883,21040401.0|Wera
61457883,21040302.0|Knipex
61457883,27110690.0|Victory Lighting
61457883,19030105.0|Intel
61457883,24230309.0|tesa
61457883,19100101.0|Kodak
61457883,21040301.0|Knipex
61457883,24241601.0|edding
61457883,24230309.0|Kip
61457883,40040301.0|GLORIA
61457883,35020101.0|Alberts Deutschland
61457883,27110636.0|ISOLED
61457883,24301705.0|Durable
61457883,29069090.0|Bartscher
61457883,22369102.0|Wenko
61457883,23330104.0|Bosch
61457883,21040402.0|Wera
61457883,24200202.0|Lexmark
61457883,24260601.0|Viking
61457883,22360101.0|Hansgrohe
61457883,41010302.0|Schildkröt
61457883,24241607.0|edding
61457883,24310101.0|Etherma
61457883,21050101.0|Bosch
61457883,23190101.0|BKS
61457883,30021302.0|Ecolab
61457883,24240501.0|Schneider
61457883,24260601.0|MM
61457883,22520202.0|Jungheinrich PROFISHOP
61457883,24221001.0|Colop-Stempelerzeugung
61457883,27142604.0|Brennenstuhl
61457883,29029004.0|Bosch
61457883,21010101.0|Bosch
61457883,24310701.0|C+P Möbelsysteme
61457883,19030312.0|LogiLink
61457883,24260601.0|Sylvamo
61457883,40011201.0|ATG
61457883,19020401.0|Hama
61457883,29021104.0|Philips
61457883,21139090.0|Otto Ganter
61457883,24290301.0|Durable
61457883,24230309.0|3M
61457883,29120102.0|Unbekannt
61457883,19030312.0|StarTech.com
61457883,24230309.0|Herma
61457883,22540202.0|STIHL
61457883,21070301.0|B.PRO
61457883,27050401.0|Kodak
61457883,27110601.0|Osram
61457883,40020201.0|Moravia
61457883,22360304.0|Geberit
61457883,21160504.0|Bosch
61457883,22549090.0|Showdown Displays
61457883,24301606.0|Exacompta
61457883,22360304.0|Viega
61457883,40020301.0|Söhngen
61457883,30021701.0|skyvell
61457883,27140702.0|HellermannTyton
61457883,19060107.0|Albrecht
61457883,22293205.0|HARO
61457883,27110690.0|Philips
61457883,21040401.0|Wiha
61457883,40011301.0|uvex
61457883,30021507.0|SC Johnson
61457883,24310302.0|Neomounts
61457883,19020402.0|Cherry
61457883,24301610.0|VKF Renzel
61457883,27119001.0|Ledlenser
61457883,19030117.0|Netgear
61457883,21160106.0|Bosch
61457883,40011301.0|ISM
61457883,23060102.0|SKF
61457883,23110111.0|CELO Befestigungssysteme
61457883,40010801.0|Korntex
61457883,19020402.0|Dell
61457883,23110111.0|HECO
61457883,19080702.0|Neomounts
61457883,40020205.0|Moravia
61457883,29020601.0|De'Longhi
61457883,24220602.0|Novus
61457883,24210113.0|Intenso
61457883,27061801.0|EFB-Elektronik
61457883,34180490.0|Orkla Wound Care AB
61507386,19069203.0|Jabra
61507386,27149115.0|Behr Bircher Cellpack BBC
61507386,23110101.0|Reyher
61507386,21059202.0|Bosch
61507386,23110701.0|Reyher
61507386,24200201.0|HP
61507386,27250203.0|WAGO Kontakttechnik
61507386,19020503.0|Logitech
61507386,24200101.0|HP
61507386,19069203.0|GN Audio Germany
61507386,21052101.0|Milwaukee
61507386,19030209.0|Seagate
61507386,24321202.0|Dymo
61507386,24241607.0|edding
61507386,27200301.0|Fluke
61507386,23110701.0|Unbekannt
61507386,19020102.0|Samsung
61507386,27119001.0|Ledlenser
61507386,21040301.0|Knipex
61507386,21052101.0|Bosch
61507386,19010108.0|Microsoft
61507386,22540101.0|Perrot
61507386,27371003.0|ABB
61507386,32011505.0|WTW
61507386,21059202.0|Milwaukee
61507386,27110629.0|Radium
61507386,27140505.0|Glen Dimplex
61507386,37110190.0|LANDEFELD
61507386,23060102.0|E-Coll
61507386,40020301.0|Söhngen
61507386,27142201.0|ABB
61507386,27149102.0|3M
61507386,27050401.0|Varta
61507386,23330190.0|Henkel
61507386,21040301.0|Klauke
61507386,24210501.0|Bedifol
61507386,24321202.0|Brother
61507386,24360105.0|OtterBox
61507386,27110636.0|Philips
61507386,19020501.0|Jabra
61507386,21041001.0|IDEALSPATEN-BREDT
61507386,21079104.0|SHT Suhler Hebezeugtechnik
61507386,40020401.0|Plum
61507386,23110101.0|Unbekannt
61507386,24250401.0|edding
61507386,37049190.0|Düker
61507386,21011603.0|Bosch
61507386,27141104.0|WAGO Kontakttechnik
61507386,23070101.0|Unbekannt
61507386,27371302.0|Eaton
61507386,37110290.0|Unbekannt
61507386,27110690.0|Osram
61507386,27110629.0|LEDVANCE
61507386,40200102.0|Wolk
61507386,27242202.0|Siemens
61507386,27200601.0|WIKA
61507386,21051314.0|Bosch
61507386,27371003.0|Eaton
61507386,21059202.0|Makita
61507386,27302102.0|LANDEFELD
61507386,27110629.0|Osram
61507386,37110190.0|Unbekannt
61507386,27061803.0|EFB-Elektronik
61507386,23050801.0|FAG
61507386,27371801.0|DOLD
61507386,21100701.0|Zarges
61507386,27049190.0|Phoenix Contact
61507386,24310302.0|APC
61507386,21109102.0|META
61507386,27062006.0|Unbekannt
61507386,29029004.0|Kärcher
61507386,19010108.0|Samsung
61507386,21059106.0|Kärcher
61507386,27400204.0|Klauke
61507386,21011315.0|PFERD-Werkzeuge
61507386,27371003.0|Siemens
61507386,36120202.0|Columbus McKinnon
61507386,21100420.0|Allit
61507386,27110690.0|Philips
61507386,21079105.0|BS Rollen
61507386,21051990.0|Bosch
61507386,24270213.0|Avery
61507386,21052403.0|Bosch
61507386,27149109.0|Lapp Kabel
61507386,21010101.0|Ruko
61507386,19030308.0|Kingston Technology
61507386,27200301.0|Benning
61507386,36120202.0|Delta Hoisting Equipment
61507386,23090101.0|Reyher
61507386,27250203.0|Phoenix Contact
61507386,27119090.0|Ledlenser
61507386,24210590.0|Bedifol
61507386,29042901.0|Lavazza
61507386,23090301.0|Nord-Lock
61507386,27140702.0|Behr Bircher Cellpack BBC
61507386,27143404.0|MENNEKES Elektrotechnik
61507386,27110690.0|Radium
61507386,27371302.0|Siemens
61507386,22360605.0|Unbekannt
61507386,21052190.0|Milwaukee
61507386,21010101.0|Bosch
61507386,23090101.0|SKF
61507386,27143424.0|Harting
61507386,37010213.0|IMI Norgren
61507386,36120301.0|Jungheinrich PROFISHOP
61507386,23152101.0|fischer
61507386,21100801.0|Zarges
61507386,27149127.0|Rittal
61507386,21040401.0|Wera
61507386,21079104.0|LANDEFELD
61507386,29020601.0|Rowenta
61507386,29110201.0|Nölle Profi Brush
61507386,27140505.0|VEAB Heat Tech
61507386,27371501.0|Eaton
61507386,24260601.0|Igepa
61507386,19019201.0|Microsoft
61507386,27110629.0|Philips
61507386,21041003.0|Unbekannt
61507386,21110101.0|Klauke
61507386,21100101.0|Knipex
61507386,36120202.0|SHT Suhler Hebezeugtechnik
61507386,23050801.0|SKF
61507386,19030511.0|Aten
61507386,21089190.0|Mechanische Werkstätten Wurzen
61507386,21051314.0|Milwaukee
61507386,24260601.0|Unbekannt
61507386,23090101.0|Unbekannt
61507386,21011603.0|Milwaukee
61507386,21052190.0|Bosch
61507386,23070601.0|LANDEFELD
61507386,29042901.0|Gorilla
61507386,27130801.0|Phoenix Contact
61507386,27050401.0|Yuasa
61507386,27260701.0|Rittal
61507386,27143409.0|MENNEKES Elektrotechnik
61507386,21089290.0|ABICOR BINZEL
61507386,27110636.0|LEDVANCE
61507386,21040105.0|Gedore
61507386,24260601.0|Clairefontaine
61507386,21040220.0|BGS Technic
61507386,21050602.0|Kärcher
61507386,27141120.0|Phoenix Contact
61507386,21040901.0|Erwin Halder
61507386,22360605.0|Riegler
61507386,27061801.0|Helukabel
61507386,21040202.0|Stahlwille
61507386,29029004.0|Bosch
61507386,37010401.0|LANDEFELD
61507386,21050101.0|Bosch
61507386,29020601.0|Krups
61811421,21040301.0|Weidmüller
61811421,24290101.0|Leitz
61811421,24240702.0|Pilot
61811421,24250401.0|edding
61811421,24289090.0|Avery
61811421,27050401.0|Varta
61811421,20270190.0|Unbekannt
61811421,24200101.0|Epson
61811421,21059202.0|Makita
61811421,24241608.0|edding
61811421,21029090.0|ATORN
61811421,21040401.0|Wiha
61811421,21052190.0|Makita
61811421,24292002.0|Leitz
61811421,24292002.0|Esselte
61811421,21040402.0|Wera
61811421,24321202.0|Brother
61811421,21070301.0|Fetra
61811421,24262302.0|dm-folien
61811421,24240501.0|Schneider
61811421,24260103.0|3M
61811421,24241601.0|edding
61811421,21170306.0|Mitutoyo
61811421,21040301.0|Knipex
61811421,21040401.0|Wera
61811421,24321602.0|Fellowes
61811421,21040202.0|Hazet
61811421,24292006.0|Ultradex
61811421,24200201.0|Ricoh
61811421,24360204.0|Lenovo
61811421,24300101.0|Franken
61811421,24289090.0|TOP STICK
61811421,24262301.0|CreativPapier
61811421,24321202.0|Dymo
61811421,21040301.0|Phoenix Contact
61811421,21109101.0|Floordirekt
61811421,21040602.0|Olfa
61811421,20030106.0|Debatin
61811421,24210590.0|Bedifol
61811421,24280601.0|Herma
61811421,21170306.0|Helios-Preisser
61811421,27119090.0|RS Pro
61811421,21050101.0|Makita
61811421,23330190.0|Henkel
61811421,21170308.0|Mahr
61811421,27200301.0|LabNation
61811421,21070301.0|Jungheinrich PROFISHOP
61811421,21100420.0|LA-KA-PE (Ing. Alfred Häner)
61811421,24310303.0|EDBAK
61811421,29120102.0|Newell Brands
61846616,19019201.0|Fujitsu
61846616,37110390.0|LANDEFELD
61846616,19020402.0|Logitech
61846616,21059204.0|Fein
61846616,19019201.0|Lenovo
61846616,19089204.0|Apple
61846616,27302102.0|LANDEFELD
61846616,19080501.0|Samsung
61846616,27399090.0|Axis
61846616,29043801.0|Lindt
61846616,24210590.0|Bedifol
61846616,19019201.0|HP
61846616,27299220.0|LANDEFELD
61846616,19020401.0|Logitech
61846616,24210501.0|Bedifol
61846616,24360105.0|Apple
61846616,24321902.0|Epson
61846616,24321902.0|Acer
61846616,21052101.0|Milwaukee
61846616,21100420.0|AUER Packaging
61846616,19020402.0|Samsung
61846616,27061802.0|Poynting Antennas
61846616,27110690.0|Osram
61846616,19030506.0|j5create
61846616,21040401.0|Wiha
61846616,29042901.0|Dallmayr
61846616,24360105.0|NALIA
61846616,27050604.0|Samsung
61846616,24321202.0|Brother
61846616,21040105.0|KS Tools
61846616,19020402.0|Cherry
61846616,27210902.0|Mean Well
61846616,19020503.0|Logitech
61846616,19020402.0|Apple
61846616,27294201.0|Sang-A
61846616,27294101.0|LANDEFELD
61846616,21040202.0|Wera
61846616,19030301.0|MSI
61846616,27050401.0|Varta
61846616,27050604.0|Mediarange
61846616,21040202.0|Gedore
61846616,24260103.0|3M
61846616,27142604.0|CyberPower
61846616,27141104.0|WAGO Kontakttechnik
61846616,41010302.0|B + D Sportartikel
61846616,41010302.0|Sport-Thieme
61846616,21100420.0|LA-KA-PE (Ing. Alfred Häner)
61846616,19039190.0|Anker
61846616,24221001.0|Trodat
61846616,19089204.0|Samsung
61846616,19019201.0|RaidSonic Technology
61846616,27050604.0|Pedea
61846616,19039190.0|Dell
61846616,19089204.0|Jabra
61846616,29043701.0|Bahlsen
61846616,19039190.0|Lenovo
61846616,27299221.0|IMI Norgren
61846616,29042901.0|Busemann
61846616,37070514.0|IMI Norgren
61846616,29120102.0|Orgavente
61846616,20270104.0|RAJA
61855469,24200201.0|HP
61855469,29043801.0|Delacre
61855469,19029002.0|Brother
61855469,19029003.0|Datalogic
61855469,24289090.0|Herma
61855469,29043801.0|Bahlsen
61855469,28090107.0|Hankook
61855469,29043001.0|Naarmann
61855469,24200101.0|HP
61855469,29042901.0|Lavazza
61855469,29043801.0|Ferrero
61855469,24200201.0|Brother
61855469,24289090.0|Avery
61855469,24321202.0|Brother
61855469,29042901.0|Melitta
61855469,19039190.0|HP
61855469,19020402.0|Logitech
61855469,30021611.0|Sonax
61855469,22330603.0|Sport-Tec
61855469,29042901.0|Dallmayr
61855469,29042901.0|Minges Kaffee
61855469,24200201.0|Lexmark
61855469,27110636.0|LEDVANCE
61855469,27061801.0|PATCHBOX
61855469,19029102.0|HP
61855469,34240304.0|VBM
61855469,24200201.0|OKI
61855469,19060101.0|Alcatel
61855469,34220690.0|B. Braun
61855469,23060101.0|Castrol
61855469,24200202.0|Brother
61855469,19020401.0|Logitech
61855469,21070301.0|der Rollende Shop
61855469,24310701.0|Ceha Deutschland
61855469,24230309.0|FETEX
61855469,21109102.0|SCHULTE Lagertechnik
61855469,20140402.0|Ratioform Verpackungen
61855469,34220306.0|Terumo
61855469,29020101.0|Dometic
61855469,29100201.0|Hygostar
61855469,40020301.0|Söhngen
61855469,19029002.0|Zebra
61855469,24311101.0|LMG
61855469,27294205.0|Prevost
61855469,27110632.0|Osram
61855469,30300102.0|Dr. Schumacher
61859145,21070301.0|Fetra
61859145,29120102.0|Deiss
61859145,27270990.0|Sick
61859145,24200201.0|Brother
61859145,27270902.0|Sick
61859145,24321202.0|Dymo
61859145,24200201.0|HP
61859145,24321202.0|Brother
61859145,29120102.0|Emil Deiss
61859145,19039001.0|Phoenix Contact
61859145,24289090.0|Avery
61859145,24200101.0|Epson
61859145,27180704.0|Rittal
61859145,27270190.0|Sick
61859145,27290201.0|Festo
61859145,36430990.0|Rittal
61859145,21049103.0|MARTOR
61859145,29110105.0|ZVG
61859145,21059202.0|Makita
61859145,21040301.0|Knipex
61859145,27220190.0|Siemens
61859145,40020105.0|MUNK Günzburger Steigtechnik
61859145,27110690.0|Osram
61859145,40200103.0|TMS PRO SHOP
61859145,27270101.0|Sick
61884486,27119001.0|Ledlenser
61884486,27110636.0|LEDVANCE
61884486,24200101.0|HP
61884486,19020102.0|Lenovo
61884486,21059202.0|Makita
61884486,19020402.0|Logitech
61884486,30021404.0|SC Johnson
61884486,27050401.0|Varta
61884486,23330190.0|Henkel
61884486,24200201.0|HP
61884486,21040401.0|Wera
61884486,19020401.0|Logitech
61884486,29041601.0|Arla
61884486,24360105.0|Apple
61884486,21040401.0|Wiha
61884486,21040402.0|Wera
61884486,23190110.0|ABUS
61884486,29042901.0|Lavazza
61884486,27110636.0|Osram
61884486,27299221.0|LANDEFELD
61884486,40030201.0|Fripa
61884486,27119001.0|Fenixlight
61884486,21059202.0|Bosch
61884486,27119001.0|OLight
61884486,29042901.0|Nestlé
61884486,37110390.0|LANDEFELD
61884486,29043801.0|Haribo
61884486,21040301.0|Knipex
61884486,24210590.0|Bedifol
61884486,21100701.0|Zarges
61884486,29042901.0|Senseo
61884486,21040202.0|Proxxon
61884486,24292001.0|Leitz
61884486,21052190.0|Bosch
61884486,24321202.0|Brother
61884486,29042901.0|Melitta
61884486,21011390.0|Elos
61884486,27142604.0|Brennenstuhl
61884486,29120102.0|Unbekannt
61884486,24290101.0|Leitz
61884486,21011603.0|Bosch
61884486,24310302.0|Iiyama
61884486,37070514.0|LANDEFELD
61884486,21059202.0|Milwaukee
61884486,29139002.0|Sport-Tec
61884486,32161002.0|Hach Lange
61884486,23330207.0|tesa
61884486,23190110.0|Burg-Wächter
61884486,21052101.0|Bosch
61884486,40030201.0|Wepa Satino
61884486,30021611.0|Sonax
61884486,29042901.0|Tchibo
61884486,21079104.0|Columbus McKinnon
61884486,29100201.0|PAPSTAR
61884486,40011201.0|Unbekannt
61884486,24200201.0|Sharp
61884486,40040702.0|Dönges
61884486,37110190.0|REHAU
61884486,40030201.0|PaperNet
61884486,27119090.0|Ledlenser
61884486,29042901.0|Kimbo
61884486,36120202.0|Columbus McKinnon
61884486,21051314.0|Bosch
61884486,29110107.0|ZVG
61884486,21052101.0|Milwaukee
61884486,21051690.0|Josef Kränzle
61884486,27142602.0|Brennenstuhl
61884486,21040202.0|KS Tools
61884486,21040602.0|Leatherman
61884486,40040401.0|LANDEFELD
61884486,30021404.0|STOKO
61884486,40200103.0|Hein Industrieschilder
61884486,40040409.0|KLOTZ Technics
61884486,19020102.0|Dell
61884486,27292901.0|Riegler
61884486,27110629.0|Osram
61884486,20249190.0|Tector
61884486,27110632.0|Osram
61884486,30021502.0|Buzil
61884486,27119001.0|XCell Batteries
61884486,24321202.0|Dymo
61884486,40040301.0|GLORIA
61884486,27144007.0|B.E.G. Brück Electronic
61884486,21051990.0|Makita
61884486,27144007.0|Esylux Deutschland
61884486,21011318.0|Rhodius Abrasives
61884486,21040301.0|Cimco
61884486,24310502.0|Geramöbel
61884486,20069090.0|Unbekannt
61884486,30020690.0|Dreiturm
61884486,22360606.0|Dräger
61884486,22360690.0|Ostendorf Kunststoffe
61884486,21052090.0|Milwaukee
61884486,21020101.0|ELMAG
61884486,24200201.0|Brother
61896930,40011301.0|Atlas
61896930,40010102.0|BP Bierbaum-Proenen
61896930,24200201.0|Brother
61896930,40011201.0|uvex
61896930,27110636.0|Philips
61896930,40011401.0|3M
61896930,40011201.0|ATG
61896930,21040301.0|Knipex
61896930,40011405.0|3M
61896930,40011301.0|uvex
61896930,21040302.0|Knipex
61896930,21040401.0|Wera
61896930,27110303.0|RZB Leuchten
61896930,40010101.0|BP Bierbaum-Proenen
61896930,21010101.0|Unbekannt
61896930,21040208.0|Stahlwille
61896930,21010101.0|ATORN
61896930,40010302.0|BP Bierbaum-Proenen
61896930,40010102.0|Paul H. Kübler Bekleidungswerk
61896930,40011101.0|3M
61896930,40011201.0|KCL
61896930,21059202.0|Milwaukee
61896930,21011318.0|3M
61896930,21059204.0|Fein
61896930,40011401.0|Moldex/Metric
61896930,40011102.0|Voss-Helme
61896930,21040402.0|Wera
61896930,21010101.0|Bosch
61896930,40011201.0|Ansell
61896930,40010101.0|Planam
61896930,40010302.0|Paul H. Kübler Bekleidungswerk
61896930,24200101.0|Brother
61896930,40010401.0|Mascot
61896930,21040401.0|Wiha
61896930,29029001.0|DOMO
61896930,21041601.0|BESSEY Tool
61896930,21010210.0|Unbekannt
61896930,27050401.0|Varta
61896930,24262301.0|Soennecken
61896930,40011301.0|ELTEN
61896930,21010504.0|PFERD-Werkzeuge
61896930,21011603.0|Fein
61896930,21040202.0|Proxxon
61896930,27142201.0|ABB
61896930,21040105.0|Gedore
61896930,22540202.0|STIHL
61896930,40011201.0|Honeywell
61896930,40011501.0|uvex
61896930,40011301.0|Baak
61896930,21011305.0|PFERD-Werkzeuge
61896930,21059106.0|Nilfisk-ALTO
61896930,40020401.0|Söhngen
61896930,21010504.0|Unbekannt
61896930,21052190.0|Milwaukee
61896930,40011301.0|U-Group
61896930,21109090.0|Hazet
61896930,24260601.0|Kaiser+Kraft
61896930,21059290.0|Fein
61896930,27144044.0|GIRA Giersiepen
61896930,23060101.0|Shell
61896930,27292890.0|Riegler
61917844,24200201.0|Brother
61917844,24200201.0|Canon
61917844,24270290.0|König & Ebhardt
61917844,24200201.0|HP
61917844,24221401.0|Läufer
61917844,20269090.0|KIGA Kunststofftechnik
61917844,24200101.0|Epson
61917844,24280701.0|Labelident
61917844,40020205.0|Moravia
61917844,27294101.0|Festo
61917844,24289090.0|Herma
61917844,21040602.0|MARTOR
61917844,19069203.0|Jabra
61917844,24300902.0|Magna-C
61917844,24310302.0|Neomounts
61917844,24321202.0|Dymo
61917844,29120102.0|TransPak
61917844,24321202.0|Brother
61917844,24292205.0|Durable
61917844,21070301.0|Fetra
61917844,19020102.0|BenQ
61917844,24320502.0|Casio
61917844,24260105.0|3M
61917844,24290101.0|Schaefer Group
61917844,24240702.0|Uni-Ball
61917844,24290101.0|Oxford
61917844,24240501.0|STABILO
61917844,19069203.0|HP
61917844,19020401.0|Logitech
61917844,36419090.0|Lutz Pumpen
61917844,40011405.0|Sundström
61917844,24321602.0|Leitz
61917844,27050401.0|Varta
61917844,24210112.0|SanDisk
61917844,19020402.0|Cherry
61917844,24240701.0|Faber-Castell
61917844,24250401.0|Staedtler
61917844,35040401.0|RS Pro
61917844,24311101.0|Dauphin
61917844,40011603.0|Honeywell
61917844,27294290.0|Festo
61917844,21011318.0|Mirka
61917844,19029002.0|Zebra
61917844,24291101.0|Leitz
61917844,21100420.0|Kaiser+Kraft
61917844,24280601.0|Zebra
61917844,24200101.0|Canon
61917844,21040402.0|Wera
61917844,40010801.0|Korntex
61917844,24291601.0|Jalema
61917844,29100201.0|VEPATIM
61917844,24240501.0|Pilot
61917844,24310703.0|Geramöbel
61917844,21051306.0|Mirka
61917844,19069203.0|Poly
61917844,24321501.0|Leitz
61917844,29090201.0|WMF
61917844,29120101.0|Schülke
61917844,20069090.0|CurTec
61917844,21100701.0|Hailo
61917844,24280890.0|Labelident
61917844,24200214.0|Xerox
61917844,21043090.0|Unbekannt
61917844,24310309.0|Neomounts
61920415,19069203.0|Jabra
61920415,19030209.0|Samsung
61920415,19089203.0|RØDE Microphones
61920415,24210112.0|SanDisk
61920415,19020402.0|Cherry
61920415,19069203.0|GN Audio Germany
61920415,19020401.0|Logitech
61920415,19030209.0|SanDisk
61920415,19020402.0|Logitech
61920415,24200201.0|Lexmark
61920415,19030312.0|Lindy
61920415,27050604.0|Apple
61920415,24200101.0|HP
61920415,19039190.0|HP
61920415,19020503.0|Logitech
61920415,19020102.0|Asus
61920415,24210590.0|OtterBox
61920415,27110636.0|LEDVANCE
61920415,19030308.0|Crucial Technology
61920415,24360105.0|BlackRock
61920415,19030209.0|Western Digital
61920415,19030308.0|Kingston Technology
61920415,19069203.0|Logitech
61920415,19030101.0|AVM
61920415,27061803.0|EFB-Elektronik
61920415,23330207.0|tesa
61920415,27110690.0|Philips
61920415,27050401.0|Varta
61920415,24210590.0|Bedifol
61920415,27141901.0|Hager
61920415,27110305.0|RZB Leuchten
61920415,19030501.0|HP
61920415,24360105.0|JT Berlin
61920415,27061801.0|Delock
61920415,19069092.0|Apple
61920415,27142604.0|Bachmann
61920415,27050401.0|Anker
61920415,27140602.0|Hager
61920415,24230590.0|tesa
61920415,27061801.0|LogiLink
61920415,19069203.0|JBL
61920415,30300102.0|Sport-Tec
61920415,27050604.0|HP
61920415,24360105.0|OtterBox
61920415,19030209.0|Transcend
61920415,27140702.0|HellermannTyton
61920415,24210112.0|Kingston Technology
61920415,24321202.0|Brother
61920415,19030312.0|Delock
61920415,27141104.0|WAGO Kontakttechnik
61920415,21040401.0|Wera
61920415,27050604.0|UGREEN
61920415,19069203.0|EPOS
61920415,27149116.0|Dehn
61920415,27142604.0|Kopp
61920415,19020402.0|Elgato
61920415,24200201.0|Brother
61920415,24310302.0|Novus
61920415,19030101.0|Netgear
61920415,19030506.0|DIGITUS
61920415,24210113.0|SanDisk
61920415,19030209.0|Seagate
61920415,27260701.0|Neutrik
61920415,24360204.0|Dicota
61920415,19019201.0|Delock
61920415,24200201.0|HP
61920415,27050604.0|Anker
61920415,21040301.0|Knipex
61920415,24210590.0|E.V.I.
61920415,19010108.0|Apple
61920415,27144042.0|Busch-Jaeger
61920415,27110636.0|Philips
61920415,19019190.0|Lista
61920415,19020501.0|Creative Labs
61920415,27143143.0|ABB
61920415,24260103.0|3M
61920415,24210112.0|Sony
61920415,19089204.0|Apple
61920415,19030209.0|ADATA Technology
61920415,27061801.0|ROLINE
61920415,19030312.0|StarTech.com
61920415,27371302.0|Eaton
61920415,27050401.0|Duracell
61920415,19030312.0|PureLink
61920415,24200201.0|Kyocera
61920415,24210501.0|Bedifol
61920415,19089204.0|Jabra
61920415,19030117.0|Netgear
61920415,21040402.0|Wera
61920415,27142201.0|Hager
61920415,19030501.0|Apple
61920415,27144042.0|Jung
61920415,19019201.0|HP
61920415,24230309.0|tesa
61920415,27182590.0|DIGITUS
61920415,19030209.0|Crucial Technology
61920415,27062005.0|Kabel+Leitungen
61920415,27061805.0|Unbekannt
61920415,40020301.0|Söhngen
61920415,27061803.0|ASSMANN Electronic
61920415,27371410.0|Eaton
61920415,27060402.0|Bachmann
61920415,27062001.0|Lapp Kabel
61920415,19030506.0|Delock
61920415,27061801.0|InLine
61920415,21070301.0|Fetra
61920415,19030101.0|TP-Link
61920415,40011401.0|3M
61920415,19030312.0|Goobay
61920415,24260601.0|Clairefontaine
61920415,21100421.0|LA-KA-PE (Ing. Alfred Häner)
61920415,27062005.0|Kabelwerk Eupen
61920415,27142403.0|Hager
61920415,24210501.0|Durable
61920415,19019201.0|Lenovo
61920415,27110314.0|LEDVANCE
61920415,19030117.0|TP-Link
61920415,27371003.0|Hager
61920415,27050401.0|Energizer
61920415,19089204.0|RØDE Microphones
61920415,40200102.0|Schilder Klar
61920415,24321202.0|Dymo
61920415,40200102.0|Moedel
61920415,29029104.0|JURA
61920415,24289090.0|Avery
61920415,19020401.0|Evoluent
61920415,27110636.0|Osram
61920415,27050401.0|Voltcraft
61920415,27050401.0|Panasonic
61920415,27061801.0|Good Connections
61920415,19030503.0|Neutrik
61920415,27061801.0|Lapp Kabel
61920415,19030312.0|Good Connections
61920415,19030117.0|HP
61920415,27061801.0|Unbekannt
61920415,24210590.0|Displex
61920415,19039190.0|TP-Link
61920415,24301502.0|Leitz
61920415,24340601.0|Maul
61920415,27062001.0|Helukabel
61920415,21052190.0|Bosch
61920415,19030106.0|Intel
61920415,40030201.0|Kimberly-Clark
61920415,19030209.0|Kingston Technology
61920415,19030312.0|InLine
61920415,24210113.0|Transcend
61920415,19030304.0|Elgato
61920415,19030314.0|Delock
61920415,19020102.0|HP
61920415,19089203.0|DJI
