legal_entity_id,eclass
41361768,27050401
41361768,29120102
41361768,21100420
41361768,27061801
41361768,19030312
41361768,19020402
41361768,24321202
41361768,21070301
41361768,24200201
41361768,27110690
41361768,29090301
41361768,40011201
41361768,27050604
41361768,19069203
41361768,19020401
41525307,27050401
41525307,40011201
41525307,21040301
41525307,21040401
41525307,27061801
41525307,21010101
41525307,21040402
41525307,21100101
41525307,19030312
41525307,29120102
41525307,27260701
41525307,21100420
41525307,40200102
41525307,21040202
41525307,24321202
60218513,27050401
60218513,40011201
60218513,40011301
60218513,19030312
60218513,24321202
60218513,29120102
60218513,27061801
60218513,21040401
60218513,21040602
60218513,21040301
60218513,19069203
60218513,19020402
60218513,40200102
60218513,27119001
60218513,23190110
60229572,21040401
60229572,27050401
60229572,21040301
60229572,21040402
60229572,40011201
60229572,24200201
60229572,29120102
60229572,23330190
60229572,24321202
60229572,27260701
60229572,19020401
60229572,19030312
60229572,21059202
60229572,21040202
60229572,19020402
60232585,27050401
60232585,21040401
60232585,29120102
60232585,19030312
60232585,27061801
60232585,40011201
60232585,21040602
60232585,21040301
60232585,27260701
60232585,21010101
60232585,21100420
60232585,19020402
60232585,19020102
60232585,21059202
60232585,19069203
60292695,27260701
60292695,27050401
60292695,27061801
60292695,19030312
60292695,24210590
60292695,21040301
60292695,19069203
60292695,21100420
60292695,29120102
60292695,21040401
60292695,24360105
60292695,21100101
60292695,19020401
60292695,27050604
60292695,24321202
60299257,40011201
60299257,27050401
60299257,19030312
60299257,29120102
60299257,27061801
60299257,27260701
60299257,21040401
60299257,40011301
60299257,40200102
60299257,23110102
60299257,24321202
60299257,23330190
60299257,19069203
60299257,21040301
60299257,19020401
60309119,27050401
60309119,40011201
60309119,29120102
60309119,19030312
60309119,27061801
60309119,19069203
60309119,24360105
60309119,24200201
60309119,24210590
60309119,40200102
60309119,24321202
60309119,21040602
60309119,21100420
60309119,19020401
60309119,27142604
60325620,19030312
60325620,27050401
60325620,24321202
60325620,29120102
60325620,27142604
60325620,21040301
60325620,21040401
60325620,19020402
60325620,24360204
60325620,19020401
60325620,29090101
60407489,24200201
60407489,27050401
60407489,19030312
60407489,24260601
60407489,19020402
60407489,24321202
60573470,27050401
60573470,40011201
60573470,19030312
60573470,29120102
60573470,24200201
60573470,19069203
60573470,40200102
60573470,24260601
60573470,27061801
60573470,19020402
60573470,19020401
60573470,40200202
60573470,24321202
60573470,24200101
60573470,27142604
60590194,27050401
60590194,29120102
60590194,21040401
60590194,24289090
60590194,21040301
60590194,27260701
60590194,24321202
60590194,21041105
60590194,19030312
60590194,40011201
60590194,27050604
60590194,21100420
60590194,19069203
60590194,21040602
60590194,19020102
60622436,29120102
60622436,27260701
60622436,27050401
60622436,21040301
60622436,40011201
60622436,23110102
60622436,27371003
60622436,21040401
60622436,19030312
60622436,21059202
60622436,24210590
60622436,21010101
60622436,19020401
60622436,27371302
60622436,27061801
60665528,27260701
60665528,19030312
60665528,40011201
60665528,27050401
60665528,21040401
60665528,27061801
60665528,21040301
60665528,24321202
60665528,23330190
60665528,24289090
60665528,21040402
60665528,27250203
60665528,29120102
60665528,19030209
60665528,27110690
60783733,27050401
60783733,40011201
60783733,21011318
60783733,29120102
60783733,21059202
60783733,21049090
60783733,21010101
60783733,21040301
60783733,40200102
60783733,40011301
60783733,21100420
60783733,30021404
60783733,24200101
60783733,24200201
60783733,21079105
60833515,27050401
60833515,40011201
60833515,27061801
60833515,19030312
60833515,40200102
60833515,24321202
60833515,21040301
60833515,24210590
60833515,21059202
60833515,19069203
60833515,27260701
60833515,19020401
60833515,27119001
60833515,19020402
60833515,29120102
60851612,21100420
60851612,27050401
60851612,29120102
60851612,40011301
60851612,24321202
60851612,40011201
60851612,21040401
60851612,24289090
60851612,40200102
60851612,21040602
60851612,19069203
60851612,27260701
60851612,24200101
60851612,19020402
60851612,27140702
60866240,27050401
60866240,19030312
60866240,40011201
60866240,24210590
60866240,27260701
60866240,24360105
60866240,29120102
60866240,40200102
60866240,19069203
60866240,21040301
60866240,27061801
60866240,19020402
60866240,21040401
60866240,24321202
60866240,27050604
60881776,27050401
60881776,19030312
60881776,29120102
60881776,19069203
60881776,24321202
60881776,27061801
60881776,19020402
60881776,19020401
60881776,40011201
60881776,24210590
60881776,27260701
60881776,21040401
60881776,40200102
60881776,21040301
60881776,27142604
60882940,27050401
60882940,40011201
60882940,29120102
60882940,21040401
60882940,27260701
60882940,19030312
60882940,24321202
60882940,21040402
60882940,21040301
60882940,27061801
60882940,23110102
60882940,24289090
60882940,21100420
60882940,23070601
60882940,19069203
60908148,27260701
60908148,27050401
60908148,27061801
60908148,21040401
60908148,21040402
60908148,19030312
60908148,24321202
60908148,27142604
60908148,40011201
60908148,29120102
60908148,21040301
60908148,21010101
60908148,21100420
60908148,40200102
60908148,23110102
60965801,27050401
60965801,40011201
60965801,27260701
60965801,21040401
60965801,24321202
60965801,21100420
60965801,23110102
60965801,21040301
60965801,29120102
60965801,21010101
60965801,27061801
60965801,21040402
60965801,19030312
60965801,27140702
60965801,21040602
60984656,27050401
60984656,21100420
60984656,29120102
60984656,27260701
60984656,27142604
60984656,19069203
60984656,27061801
60984656,40011201
60984656,19030209
60984656,40011301
60984656,21040401
60984656,24321202
60984656,19030312
60984656,19020402
60984656,40200102
60989063,27050401
60989063,27061801
60989063,27260701
60989063,21100420
60989063,27140702
60989063,24321202
61027234,27050401
61027234,24360105
61027234,29120102
61027234,24210590
61027234,27061801
61027234,19030312
61027234,21040401
61027234,21040301
61027234,27050604
61027234,24200201
61027234,27119001
61027234,21100420
61027234,27260701
61027234,21100101
61027234,21010101
61077912,27050401
61077912,24360105
61077912,29120102
61077912,24210590
61077912,27061801
61077912,19030312
61077912,21040401
61077912,21040301
61077912,27050604
61077912,24200201
61077912,27119001
61077912,21100420
61077912,27260701
61077912,21100101
61077912,21010101
61123801,27050401
61123801,40011201
61123801,29120102
61123801,24230590
61123801,24321202
61123801,24289090
61123801,27110690
61123801,21040602
61123801,29090301
61123801,19069203
61123801,19020401
61123801,21070301
61123801,27142604
61123801,29029001
61123801,29090390
61168351,27260701
61168351,27050401
61168351,27061801
61168351,21040401
61168351,40011201
61168351,21040301
61168351,19030312
61168351,24321202
61168351,19020402
61168351,19069203
61168351,24200101
61168351,19020401
61168351,21040402
61168351,29120102
61168351,21100420
61182629,27050401
61182629,40011201
61182629,27260701
61182629,27061801
61182629,21040301
61182629,21040401
61182629,19030312
61182629,24360105
61182629,24210590
61182629,19069203
61182629,24321202
61182629,21100101
61182629,19020402
61182629,19020401
61182629,21010101
61249220,27050401
61249220,40011201
61249220,29120102
61249220,19069203
61249220,24200101
61249220,19020401
61249220,19030312
61249220,27061801
61249220,24360105
61249220,24321202
61249220,21100420
61249220,19020402
61249220,21040401
61249220,24210590
61249220,24289090
61354749,27050401
61354749,19030312
61354749,24210590
61354749,29120102
61354749,21040301
61354749,40200102
61354749,21040202
61354749,27260701
61354749,21059202
61354749,19069203
61354749,21040401
61354749,27061801
61354749,40011201
61354749,23110101
61354749,27050604
61406180,19030312
61406180,27061801
61406180,27050401
61406180,19020402
61406180,19069203
61406180,19020401
61406180,21100420
61406180,27061803
61406180,27142604
61406180,29120102
61406180,19039190
61406180,21070301
61406180,27050604
61406180,27110690
61406180,24321202
61429915,27050401
61429915,40011201
61429915,29120102
61429915,21100420
61429915,40200102
61429915,21040301
61429915,27061801
61429915,21040401
61429915,24200201
61429915,37110190
61429915,27260701
61429915,24321202
61429915,21040602
61429915,19030312
61429915,21040402
61456103,27050401
61456103,40011201
61456103,19030312
61456103,29120102
61456103,21040401
61456103,19069203
61456103,21040301
61456103,24321202
61456103,27061801
61456103,27260701
61456103,21040402
61456103,24260601
61456103,23110102
61456103,24289090
61456103,23330190
61472032,27050401
61472032,19069203
61472032,24210590
61472032,27050604
61472032,24360105
61472032,27061801
61472032,19030312
61472032,21010101
61472032,21040401
61472032,21040301
61472032,29120102
61472032,21100420
61472032,27260701
61472032,21040402
61472032,40011201
61476428,27050401
61476428,27061801
61476428,19030312
61476428,24321202
61476428,40011201
61476428,21040401
61476428,21040402
61476428,27260701
61476428,19020401
61476428,23110102
61476428,21100420
61476428,19069203
61476428,21040301
61476428,19020402
61476428,21010101
61477677,27050401
61477677,29120102
61477677,40011201
61477677,21100420
61477677,24200201
61477677,19030312
61477677,21040301
61477677,27260701
61477677,21040401
61477677,40011501
61477677,24321202
61477677,21100101
61477677,21070301
61477677,27110690
61477677,27140702
61834803,27050401
61834803,24200201
61834803,19069203
61834803,29120102
61834803,40200102
61834803,40011201
61834803,19030312
61834803,19020402
61834803,27050604
61834803,24321202
61834803,27142604
61834803,24200101
61834803,40200202
61834803,21040602
61834803,40011301
61846640,24360105
61846640,24210590
61846640,19030312
61846640,19020402
61846640,19019201
61846640,27050401
61846640,19020401
61846640,19039190
61846640,29120102
61846640,27061801
61846640,29090301
61846640,19089204
61846640,27050604
61846640,24210501
61846640,21100420
61846644,24360105
61846644,24210590
61846644,19030312
61846644,19020402
61846644,19019201
61846644,27050401
61846644,19020401
61846644,19039190
61846644,29120102
61846644,27061801
61846644,29090301
61846644,19089204
61846644,27050604
61846644,24210501
61846644,21100420
61849892,19030312
61849892,27061801
61849892,27050401
61849892,19030209
61849892,19069203
61849892,19020402
61849892,24200201
61849892,19039190
61849892,19020401
61849892,19020102
61849892,24321202
61849892,29120102
61849892,27142604
61849892,24210113
61849892,27061803
61861384,27050401
61861384,29120102
61861384,21040602
61861384,24321202
61861384,27061801
61861384,24289090
61861384,21040301
61861384,21049103
61870332,27050401
61870332,19030312
61870332,24210590
61870332,24360105
61870332,29120102
61870332,27260701
61870332,40011201
61870332,21100420
61870332,27061801
61870332,24321202
61870332,21040401
61870332,21040402
61870332,19069203
61870332,21040301
61870332,24360204
61880834,27050401
61880834,40011201
61880834,29120102
61880834,21040401
61880834,21040301
61880834,21010101
61880834,21100420
61880834,40200102
61880834,24289090
61880834,24321202
61880834,24200201
61880834,27260701
61880834,21040402
61880834,19030312
61880834,27061801
61881685,27061801
61881685,27050401
61881685,27142604
61881685,19030312
61881685,40011201
61881685,24200201
61881685,19020402
61881685,40200102
61881685,21070301
61881685,23330190
61881685,21040401
61881685,24321202
61881685,27110690
61892404,27050401
61892404,19030312
61892404,24210590
61892404,24360105
61892404,27061801
61892404,40011201
61892404,27260701
61892404,29120102
61892404,19069203
61892404,24321202
61892404,24360204
61892404,21040401
61892404,21040402
61892404,19020402
61892404,21040301
61897768,27050401
61897768,29120102
61897768,24200101
61897768,24200201
61897768,21040401
61897768,40200102
61897768,24321202
61897768,40011201
61897768,27061801
61897768,19030312
61897768,24289090
61897768,21100420
61897768,21040301
61897768,27119001
61897768,21040602
61907713,27061801
61907713,27050401
61907713,19030312
61907713,40011201
61907713,29120102
61907713,40200102
61907713,24200201
61907713,19069203
61907713,19020402
61907713,19020102
61907713,24210590
61907713,27050604
61907713,24360105
61907713,19020401
61907713,19060106
61920537,27050401
61920537,40011201
61920537,27061801
61920537,21011318
61920537,21010101
61920537,29120102
61920537,21040401
61920537,24260601
61920537,23330190
61920537,21059202
61920537,23060102
61920537,27119001
61920537,27260701
61920537,24210590
61920537,29020101
61926417,27050401
61926417,21040301
61926417,40011201
61926417,27061801
61926417,29120102
61926417,23330190
61926417,21059202
61926417,19030312
61926417,24200101
61926417,21040401
61926417,21010101
61926417,27260701
61926417,24321202
61926417,21100101
61926417,21049090
41165867,29043801
41165867,19020402
41165867,24200201
41165867,27061801
41165867,29042901
41165867,19030312
41165867,19069203
41165867,27050401
41165867,19030209
41165867,29040701
41165867,19020401
41165867,29043001
41165867,40011201
41165867,19020102
41165867,27142604
41165867,29100201
41165867,40030201
41165867,19020503
41165867,27110636
41165867,24260601
41165867,19019201
41165867,30021401
41165867,29110107
41165867,29041601
41165867,24321602
41165867,24210401
41165867,23330390
41165867,24321202
41165867,24241604
41165867,27260801
41165867,29110105
41165867,27269190
41165867,24311101
41165867,30021302
41165867,29090301
41165867,24251406
41165867,27050604
41165867,24200101
41165867,29110110
41165867,19029290
41165867,27140602
41165867,24310309
41165867,27110303
41165867,27060402
41165867,29020601
41165867,24210113
41165867,29120102
41165867,19019090
41165867,21040301
41165867,24230590
41384385,21040401
41384385,21040202
41384385,27119001
41384385,21100420
41384385,21040301
41384385,19069203
41384385,21040402
41384385,19030312
41384385,21040105
41384385,21100701
41384385,21100101
41384385,21059202
41384385,29120102
41384385,27119090
41384385,19020402
41384385,21011318
41384385,21010101
41384385,24311101
41384385,19020503
41384385,23110102
41384385,27050401
41384385,24240501
41384385,27061801
41384385,40200102
41384385,24250401
41384385,19020401
41384385,24210590
41384385,21011603
41384385,24280890
41384385,21049090
41384385,29029004
41384385,27260701
41384385,21040222
41384385,21043090
41384385,24321602
41384385,21010210
41384385,21109102
41384385,24240702
41384385,24290101
41384385,27050604
41384385,21070301
41384385,21040901
41384385,21052101
41384385,24260103
41384385,24321202
41384385,29110107
41384385,24310701
41384385,21040190
41384385,29042901
41384385,21079105
60145311,27050401
60145311,24210590
60145311,19069203
60145311,19020402
60145311,27260701
60145311,24360204
60145311,19030312
60145311,40200102
60145311,21040301
60145311,19020401
60145311,19019201
60145311,19030209
60145311,19069092
60145311,27119001
60145311,19029004
60145311,27110690
60145311,23330190
60145311,19030501
60145311,19089204
60145311,24321202
60145311,19020503
60145311,21100420
60145311,24200201
60145311,29043801
60145311,21100101
60145311,21040401
60145311,24210112
60145311,27143424
60145311,30021690
60145311,27050604
60145311,24210113
60145311,19029003
60145311,28019123
60145311,21049090
60145311,24210501
60145311,29110105
60145311,19010107
60145311,21059202
60145311,37110190
60145311,24300902
60145311,27061801
60145311,40200103
60145311,21040402
60145311,29120102
60145311,21059106
60145311,27140602
60145311,23060102
60145311,27149109
60145311,23170201
60145311,24310302
60153637,27050401
60153637,27061801
60153637,21040401
60153637,27260701
60153637,21040301
60153637,21100421
60153637,19030312
60153637,40011201
60153637,21040105
60153637,40020501
60153637,24321202
60153637,21010101
60153637,21100420
60153637,21040602
60153637,23190110
60153637,21040202
60153637,24262301
60153637,27119001
60153637,40200103
60153637,19020401
60153637,40010501
60153637,21040302
60153637,21100101
60153637,40200102
60153637,24210590
60153637,24290101
60153637,21040402
60153637,24230590
60153637,27142604
60153637,24260203
60153637,40010801
60153637,27200106
60153637,24210112
60153637,29120102
60153637,24241607
60153637,19020102
60153637,21010210
60153637,23050801
60153637,21010202
60153637,21070301
60153637,19080702
60153637,27149127
60153637,27142001
60153637,27371302
60153637,27110690
60153637,24291101
60153637,24290308
60153637,24241601
60153637,24260601
60153637,24360290
60217364,40011301
60217364,40011201
60217364,29120102
60217364,27050401
60217364,19030312
60217364,19069203
60217364,27260701
60217364,23110102
60217364,19020401
60217364,24260601
60217364,19020402
60217364,21040401
60217364,40011390
60217364,23100101
60217364,19069092
60217364,40200102
60217364,23110302
60217364,24321202
60217364,40020205
60217364,19029003
60217364,27050604
60217364,29110105
60217364,27061801
60217364,21040602
60217364,40010101
60217364,23070601
60217364,23110103
60217364,23330190
60217364,24360105
60217364,24240501
60217364,29020601
60217364,24230590
60217364,24260103
60217364,24321602
60217364,30021302
60217364,21040402
60217364,24300902
60217364,21059202
60217364,20270104
60217364,24290101
60217364,30021507
60217364,19080702
60217364,27371302
60217364,24292701
60217364,40200103
60217364,27142604
60217364,24210590
60217364,19020503
60217364,19039190
60217364,21100420
60326103,27050401
60326103,24321202
60326103,19069203
60326103,29120102
60326103,21040401
60326103,21100701
60326103,24200201
60326103,24230590
60326103,21100420
60326103,27119001
60326103,19020402
60326103,24289090
60326103,19060101
60326103,29090201
60326103,19020401
60326103,40200102
60326103,24240501
60326103,24200101
60326103,19030312
60326103,21040301
60326103,27061801
60326103,21100421
60326103,29110202
60326103,23190110
60326103,24321602
60326103,21040602
60326103,21040202
60326103,29100201
60326103,24290101
60326103,19020102
60326103,24360204
60326103,24301610
60326103,21100101
60326103,19010107
60326103,24260601
60326103,24210113
60326103,21070301
60326103,24220602
60326103,24300301
60326103,24210401
60326103,30021302
60326103,24292701
60326103,30021401
60326103,24300902
60326103,27200106
60326103,19019201
60326103,24250401
60326103,24260103
60326103,29110190
60326103,21059202
60327915,40011301
60327915,27050401
60327915,21040301
60327915,21040401
60327915,27061801
60327915,40011201
60327915,40011302
60327915,24321202
60327915,21100101
60327915,27260701
60327915,19030312
60327915,21040601
60327915,40010801
60327915,21059202
60327915,27110636
60327915,21040202
60327915,21040105
60327915,27119001
60327915,21010101
60327915,27062001
60327915,21040402
60327915,40010401
60327915,40010101
60327915,27061803
60327915,21040602
60327915,27200301
60327915,27110410
60327915,24240501
60327915,24290101
60327915,21100420
60327915,27144042
60327915,27142604
60327915,21011603
60327915,19069203
60327915,40011501
60327915,21051314
60327915,40010503
60327915,21049090
60327915,24260103
60327915,21043090
60327915,27050604
60327915,21040901
60327915,40011101
60327915,29110107
60327915,19039190
60327915,27110303
60327915,21040206
60327915,19039001
60327915,27049190
60327915,40011401
60401258,27050401
60401258,24290101
60401258,24260103
60401258,24289090
60401258,24321202
60401258,24240501
60401258,24262301
60401258,40011201
60401258,19030312
60401258,24220104
60401258,29120102
60401258,24301705
60401258,24230590
60401258,24200201
60401258,24262302
60401258,24240702
60401258,40020301
60401258,24292001
60401258,24360204
60401258,19020402
60401258,21100420
60401258,24250401
60401258,24290308
60401258,24241701
60401258,30021690
60401258,24360105
60401258,24301610
60401258,24290401
60401258,24260203
60401258,24241604
60401258,24220602
60401258,19020401
60401258,30021401
60401258,24292002
60401258,27110601
60401258,27060402
60401258,24321602
60401258,30021302
60401258,32169090
60401258,24221401
60401258,24290301
60401258,38100202
60401258,24241601
60401258,30021701
60401258,24221101
60401258,29090201
60401258,24220102
60401258,29043801
60401258,27061801
60401258,29020601
60415151,21040301
60415151,27050401
60415151,21100420
60415151,21059202
60415151,21040202
60415151,21040190
60415151,21070301
60415151,21040401
60415151,21049090
60415151,21040402
60415151,29029004
60415151,21059106
60415151,21010101
60415151,23110901
60415151,19020401
60415151,21050602
60415151,29120102
60415151,30020690
60415151,27061801
60415151,27260701
60415151,21079104
60415151,21010210
60415151,24200101
60415151,21040222
60415151,21040208
60415151,23330190
60415151,21041501
60415151,21040105
60415151,27142604
60415151,19060101
60415151,21109090
60415151,27119001
60415151,21040206
60415151,21100401
60415151,21052101
60415151,21100701
60415151,21071101
60415151,29029104
60415151,19030312
60415151,21079105
60415151,29020101
60415151,21100101
60415151,21052190
60415151,21059190
60415151,21043090
60415151,21040220
60415151,19039190
60415151,36419090
60415151,27060402
60415151,23090101
60527531,27050401
60527531,21040301
60527531,21040401
60527531,27061801
60527531,19030312
60527531,29120102
60527531,21040202
60527531,19020401
60527531,27260701
60527531,21100101
60527531,21100420
60527531,21040105
60527531,21011603
60527531,24200101
60527531,40200102
60527531,19020402
60527531,29042901
60527531,21040402
60527531,19069203
60527531,24210590
60527531,24200201
60527531,27119001
60527531,27140702
60527531,24360204
60527531,21010101
60527531,21040601
60527531,21059202
60527531,37110190
60527531,27140602
60527531,21100701
60527531,27149102
60527531,27050604
60527531,27142604
60527531,29110107
60527531,40200103
60527531,24321202
60527531,21040206
60527531,21040901
60527531,29043001
60527531,27200301
60527531,30021690
60527531,24360105
60527531,37110390
60527531,19019201
60527531,19020503
60527531,21040602
60527531,29041601
60527531,29020601
60527531,23149102
60527531,40030201
60551805,27061801
60551805,27050401
60551805,21100101
60551805,21040301
60551805,21040401
60551805,27061803
60551805,19069203
60551805,27260701
60551805,40011201
60551805,24200201
60551805,40011301
60551805,24321202
60551805,27140702
60551805,24200101
60551805,40020103
60551805,19030312
60551805,27260706
60551805,21040402
60551805,29043001
60551805,29042901
60551805,24260601
60551805,24360204
60551805,27062005
60551805,24230590
60551805,30021609
60551805,21040202
60551805,27141104
60551805,19069092
60551805,27400201
60551805,40011101
60551805,21059202
60551805,23130107
60551805,27062001
60551805,24262301
60551805,24210590
60551805,24240501
60551805,27149102
60551805,21100420
60551805,27061802
60551805,21040302
60551805,40040702
60551805,27050101
60551805,40011302
60551805,29041601
60551805,19020401
60551805,27200301
60551805,27119001
60551805,19020503
60551805,27142201
60551805,27140602
60708497,29043801
60708497,29042901
60708497,23050801
60708497,37110390
60708497,23070601
60708497,24360105
60708497,27050401
60708497,24210590
60708497,29110107
60708497,29090301
60708497,21100420
60708497,29120102
60708497,21059202
60708497,37110190
60708497,24290101
60708497,29090201
60708497,22360605
60708497,23330190
60708497,21079105
60708497,22360606
60708497,30021690
60708497,21059106
60708497,24260103
60708497,24240501
60708497,21011318
60708497,22360790
60708497,29020601
60708497,29041601
60708497,24360204
60708497,40011201
60708497,24289090
60708497,22360690
60708497,22549090
60708497,23159090
60708497,24321202
60708497,19069203
60708497,23149102
60708497,29043001
60708497,37070514
60708497,23090101
60708497,23170201
60708497,29029004
60708497,27260701
60708497,23010103
60708497,21040401
60708497,37010401
60708497,24300902
60708497,30021302
60708497,24260601
60708497,23140202
60732219,19030312
60732219,27260701
60732219,19069203
60732219,19020401
60732219,27061801
60732219,24321202
60732219,27050401
60732219,19020402
60732219,40011201
60732219,21100420
60732219,24200201
60732219,19020503
60732219,23190110
60732219,23330207
60732219,24210590
60732219,19030501
60732219,21059202
60732219,27149109
60732219,24210501
60732219,40200102
60732219,24360105
60732219,27119001
60732219,27110690
60732219,27142604
60732219,19030506
60732219,24210113
60732219,27110636
60732219,28079101
60732219,23110118
60732219,21079105
60732219,24200101
60732219,19030503
60732219,23110701
60732219,21040401
60732219,21010101
60732219,27371601
60732219,23090301
60732219,21100701
60732219,27061803
60732219,27110310
60732219,24289090
60732219,21040402
60732219,40200103
60732219,37110390
60732219,21040301
60732219,19019201
60732219,21049090
60732219,27371901
60732219,23110111
60732219,30021302
60733253,29043801
60733253,27050401
60733253,40011201
60733253,21100420
60733253,24260601
60733253,19030312
60733253,29040701
60733253,24321202
60733253,27140702
60733253,27061801
60733253,40200102
60733253,24230590
60733253,40010801
60733253,24301610
60733253,21040602
60733253,21040301
60733253,29110107
60733253,23190110
60733253,29120102
60733253,27142604
60733253,21070301
60733253,24360105
60733253,24260405
60733253,40020501
60733253,21040401
60733253,29041601
60733253,24300304
60733253,24360204
60733253,24321602
60733253,24290101
60733253,27060304
60733253,19020402
60733253,24262301
60733253,19020401
60733253,24260103
60733253,40020301
60733253,24289090
60733253,29119090
60733253,24280890
60733253,19069203
60733253,24240501
60733253,30021690
60733253,24280701
60733253,24300902
60733253,29090201
60733253,24241601
60733253,29110201
60733253,24350103
60733253,29110190
60733253,24321501
60739937,21010101
60739937,21040105
60739937,29120102
60739937,21040401
60739937,27050401
60739937,24200201
60739937,21040301
60739937,30021690
60739937,29042901
60739937,21040202
60739937,21041105
60739937,24321202
60739937,21100420
60739937,29110105
60739937,21011318
60739937,21059202
60739937,21040402
60739937,21100101
60739937,29020601
60739937,24240501
60739937,24360105
60739937,29110107
60739937,23060101
60739937,30280101
60739937,21040901
60739937,29043801
60739937,23330190
60739937,21079104
60739937,30021401
60739937,24260203
60739937,28079101
60739937,37110390
60739937,21160101
60739937,20069090
60739937,24300902
60739937,21011311
60739937,29090301
60739937,21040190
60739937,24250401
60739937,30021609
60739937,21079105
60739937,24289090
60739937,24200101
60739937,37110190
60739937,24241607
60739937,29039090
60739937,29110190
60739937,27260701
60739937,29029004
60739937,21041102
60741594,40011301
60741594,27050401
60741594,23070601
60741594,40011201
60741594,19069203
60741594,23110102
60741594,23330190
60741594,21040602
60741594,19020401
60741594,19030312
60741594,27260701
60741594,24210590
60741594,21040401
60741594,37110390
60741594,21079105
60741594,24360105
60741594,29110107
60741594,29110105
60741594,21100420
60741594,19020402
60741594,21059202
60741594,24321202
60741594,19029290
60741594,40200202
60741594,23090101
60741594,23152101
60741594,29120102
60741594,21059106
60741594,30280101
60741594,40011501
60741594,27061801
60741594,21049103
60741594,40200102
60741594,21041102
60741594,24301705
60741594,19029003
60741594,23110103
60741594,24230590
60741594,37110190
60741594,27200601
60741594,24240501
60741594,21040301
60741594,27301890
60741594,27140702
60741594,40011390
60741594,24210501
60741594,24290101
60741594,21080101
60741594,30021690
60741594,21041105
60753326,40011301
60753326,40011201
60753326,27050401
60753326,29043001
60753326,24200201
60753326,21100420
60753326,40011501
60753326,29041601
60753326,24260601
60753326,29042901
60753326,24200101
60753326,29120102
60753326,29043801
60753326,20069090
60753326,23070601
60753326,24289090
60753326,37110190
60753326,24240501
60753326,27260701
60753326,21070301
60753326,27061801
60753326,24321202
60753326,24360105
60753326,24230590
60753326,19020402
60753326,40011401
60753326,24260103
60753326,29110105
60753326,30021690
60753326,24290101
60753326,30021302
60753326,40200102
60753326,37110390
60753326,30021404
60753326,23330207
60753326,21010101
60753326,27294201
60753326,21040401
60753326,40200203
60753326,21040301
60753326,29110107
60753326,19030312
60753326,24260203
60753326,29110202
60753326,24250401
60753326,40011305
60753326,40011302
60753326,40030103
60753326,24301705
60753326,24300902
60785263,27061801
60785263,27050401
60785263,40011201
60785263,29120102
60785263,41010302
60785263,24260601
60785263,27061803
60785263,29043801
60785263,24290101
60785263,19030312
60785263,22360101
60785263,19069203
60785263,30021690
60785263,24321202
60785263,21040301
60785263,27140602
60785263,29090301
60785263,40200102
60785263,24350103
60785263,21070301
60785263,21011318
60785263,29090390
60785263,30280101
60785263,27260701
60785263,21100420
60785263,29120101
60785263,40020301
60785263,24331290
60785263,29042901
60785263,29040301
60785263,27142604
60785263,19020401
60785263,27062001
60785263,24300307
60785263,21040401
60785263,27110690
60785263,24240501
60785263,24289090
60785263,23270201
60785263,24250401
60785263,24290301
60785263,19020402
60785263,24230309
60785263,24210113
60785263,24210112
60785263,30021404
60785263,29090201
60785263,23330190
60785263,29039090
60785263,22170302
60830597,24200101
60830597,19030312
60830597,21100420
60830597,24360204
60830597,21040301
60830597,19020401
60830597,24210590
60830597,24321202
60830597,29120102
60830597,24360105
60830597,19069203
60830597,27050401
60830597,21040401
60830597,29043801
60830597,29042901
60830597,19020208
60830597,29090301
60830597,21100101
60830597,27119001
60830597,24200201
60830597,24300301
60830597,24301610
60830597,21070301
60830597,27050604
60830597,21040402
60830597,40011201
60830597,19020402
60830597,40030201
60830597,29090201
60830597,28019290
60830597,21010101
60830597,30021404
60830597,24210501
60830597,30021690
60830597,29041601
60830597,27260701
60830597,29040701
60830597,24300304
60830597,21040202
60830597,40011401
60830597,21040190
60830597,27140702
60830597,21040105
60830597,24300902
60830597,24210113
60830597,37110190
60830597,24250401
60830597,19030314
60830597,21079105
60830597,30020690
60874399,40011201
60874399,21100420
60874399,21010101
60874399,40011302
60874399,40011301
60874399,21100701
60874399,21040402
60874399,21040401
60874399,21100421
60874399,29120102
60874399,21040301
60874399,40200102
60874399,24311101
60874399,19069203
60874399,24321202
60874399,24310701
60874399,21040105
60874399,21011603
60874399,21040202
60874399,21079105
60874399,24200101
60874399,24290101
60874399,24289090
60874399,30021690
60874399,21100101
60874399,21059106
60874399,21010210
60874399,40011101
60874399,24210590
60874399,40040401
60874399,24210112
60874399,24321602
60874399,21040190
60874399,19069092
60874399,29042901
60874399,21043090
60874399,21109090
60874399,21079104
60874399,24360204
60874399,24240501
60874399,23110701
60874399,21049090
60874399,21040220
60874399,24260103
60874399,21059202
60874399,40010102
60874399,24310101
60874399,24360105
60874399,29020101
60874399,21011318
60922385,24360105
60922385,19020402
60922385,27050401
60922385,19020401
60922385,21052190
60922385,19069203
60922385,24210590
60922385,21100101
60922385,21059106
60922385,21051990
60922385,19030312
60922385,21040401
60922385,24360204
60922385,24200101
60922385,29029004
60922385,21059202
60922385,19069092
60922385,27110690
60922385,24210501
60922385,21050602
60922385,19020503
60922385,24350103
60922385,27050604
60922385,27371003
60922385,29042901
60922385,21040202
60922385,27040690
60922385,29043801
60922385,21100701
60922385,24321202
60922385,27061801
60922385,21052101
60922385,24260601
60922385,24200201
60922385,21052403
60922385,21040402
60922385,24290101
60922385,29041601
60922385,29120102
60922385,19019201
60922385,29043001
60922385,27260701
60922385,19089204
60922385,30021507
60922385,30021690
60922385,29020601
60922385,21079104
60922385,24210112
60922385,27062010
60922385,24262304
60951181,40011201
60951181,21040401
60951181,21040301
60951181,27050401
60951181,21040402
60951181,21040202
60951181,21040105
60951181,21059202
60951181,29120102
60951181,27061801
60951181,21010101
60951181,21011318
60951181,29110107
60951181,19069203
60951181,19030312
60951181,40011301
60951181,27119001
60951181,23330190
60951181,40200102
60951181,24321202
60951181,21100101
60951181,40010801
60951181,23110102
60951181,21010210
60951181,24230590
60951181,21100421
60951181,24290101
60951181,40011501
60951181,24210590
60951181,30021404
60951181,21040602
60951181,23190110
60951181,30021690
60951181,21040302
60951181,24240501
60951181,37110190
60951181,24241607
60951181,40011603
60951181,19020402
60951181,24250401
60951181,19020102
60951181,21020801
60951181,21011311
60951181,19020401
60951181,30021302
60951181,21100420
60951181,30021401
60951181,24311101
60951181,29110201
60951181,24321602
61014595,27260701
61014595,19030312
61014595,21019190
61014595,21040402
61014595,21010101
61014595,19030209
61014595,21059202
61014595,21011318
61014595,40011301
61014595,27061801
61014595,24210590
61014595,29110107
61014595,21040220
61014595,27250203
61014595,23330207
61014595,21040202
61014595,21040401
61014595,21079105
61014595,29110105
61014595,21040190
61014595,21010210
61014595,21040105
61014595,24321202
61014595,21040706
61014595,27050401
61014595,40011201
61014595,21040301
61014595,21049090
61014595,24200101
61014595,24360204
61014595,24289090
61014595,23330190
61014595,19030501
61014595,24300902
61014595,19020401
61014595,19020102
61014595,19069203
61014595,37110390
61014595,29110201
61014595,21041102
61014595,19030506
61014595,37110190
61014595,21052190
61014595,21089290
61014595,27143424
61014595,29110190
61014595,21020801
61014595,27119001
61014595,27371601
61014595,24301705
61020458,27260701
61020458,19069203
61020458,27050401
61020458,21040301
61020458,21100420
61020458,19030312
61020458,21040401
61020458,27061801
61020458,27062010
61020458,21100101
61020458,40200102
61020458,19020401
61020458,24321202
61020458,27062001
61020458,29120102
61020458,24260103
61020458,24240501
61020458,24210590
61020458,24210501
61020458,27140702
61020458,24360204
61020458,21010101
61020458,19020402
61020458,24290101
61020458,27140602
61020458,24260601
61020458,19019201
61020458,27400201
61020458,27200301
61020458,21040202
61020458,21070301
61020458,19069092
61020458,40011201
61020458,40011302
61020458,24301705
61020458,27141120
61020458,27140908
61020458,21040601
61020458,19020503
61020458,21040105
61020458,27149115
61020458,24260203
61020458,27061803
61020458,27371302
61020458,29090301
61020458,24200101
61020458,24250401
61020458,24360105
61020458,24300902
61020458,24301610
61039164,21010101
61039164,21040301
61039164,21040402
61039164,21040401
61039164,21040202
61039164,21010210
61039164,21019190
61039164,29120102
61039164,40200202
61039164,21100420
61039164,24260601
61039164,21040105
61039164,21059202
61039164,21011318
61039164,21109102
61039164,21040601
61039164,24321202
61039164,21100101
61039164,21040220
61039164,24300902
61039164,21100701
61039164,40200102
61039164,21041105
61039164,29090301
61039164,21040190
61039164,21100401
61039164,21011603
61039164,21070301
61039164,24260203
61039164,21052190
61039164,24290101
61039164,21043090
61039164,21040602
61039164,21010504
61039164,24240501
61039164,24311101
61039164,21040901
61039164,21040302
61039164,21049090
61039164,24321602
61039164,24230590
61039164,27200301
61039164,24260103
61039164,21040208
61039164,29090201
61039164,21041601
61039164,21100405
61039164,21080101
61039164,29043001
61039164,24301610
61188137,27260701
61188137,23110102
61188137,21100420
61188137,21010101
61188137,27050401
61188137,21040402
61188137,21040401
61188137,19030312
61188137,21040301
61188137,21059202
61188137,29120102
61188137,27062010
61188137,27270101
61188137,27270990
61188137,27371901
61188137,27140602
61188137,24360204
61188137,21100421
61188137,21070301
61188137,37010213
61188137,27371003
61188137,27140702
61188137,21040202
61188137,21040105
61188137,37110190
61188137,21020801
61188137,29090301
61188137,21010210
61188137,21100101
61188137,37110390
61188137,21052190
61188137,29043801
61188137,21011603
61188137,27294201
61188137,27290201
61188137,21080101
61188137,23070601
61188137,21079105
61188137,27062001
61188137,23110603
61188137,23110103
61188137,24260103
61188137,27119001
61188137,27142604
61188137,24240501
61188137,29110107
61188137,29090201
61188137,21041102
61188137,21130603
61188137,23300601
61213747,40011201
61213747,27050401
61213747,27260701
61213747,19069203
61213747,19030312
61213747,21011318
61213747,24360105
61213747,27061801
61213747,24360204
61213747,40011301
61213747,40200102
61213747,19020401
61213747,21079104
61213747,29120102
61213747,21010210
61213747,23330190
61213747,23110102
61213747,37110390
61213747,24210590
61213747,27142604
61213747,21100420
61213747,21059202
61213747,21040301
61213747,19020402
61213747,19060106
61213747,24321202
61213747,40011101
61213747,21040202
61213747,21079105
61213747,23110701
61213747,21040402
61213747,30280101
61213747,27140702
61213747,21100421
61213747,24240501
61213747,24311101
61213747,19030501
61213747,22360606
61213747,21010101
61213747,40011501
61213747,19019201
61213747,19020503
61213747,23110111
61213747,23110101
61213747,24240702
61213747,30021690
61213747,19020102
61213747,21011311
61213747,21040401
61213747,29043801
61280634,40011301
61280634,40011201
61280634,27260701
61280634,27050401
61280634,21100420
61280634,21040401
61280634,24200201
61280634,24360204
61280634,21040301
61280634,21080101
61280634,27062010
61280634,29120102
61280634,23110102
61280634,24321202
61280634,27061801
61280634,23100101
61280634,40011304
61280634,19030312
61280634,21040602
61280634,24260103
61280634,40011305
61280634,21010101
61280634,24260601
61280634,19029003
61280634,21020701
61280634,24289090
61280634,27260801
61280634,21040402
61280634,24350103
61280634,21070301
61280634,27049190
61280634,27142604
61280634,21040302
61280634,27140707
61280634,27260101
61280634,24241601
61280634,21049090
61280634,21040901
61280634,29090301
61280634,21040202
61280634,19030103
61280634,23110701
61280634,19030501
61280634,37110190
61280634,27371901
61280634,21100421
61280634,20420204
61280634,23090101
61280634,24220602
61280634,21011318
61304161,27050401
61304161,40011201
61304161,29120102
61304161,27119001
61304161,21010101
61304161,21059106
61304161,29043801
61304161,24210590
61304161,40011301
61304161,24321202
61304161,24200101
61304161,29042901
61304161,24360105
61304161,19069203
61304161,37110190
61304161,21011318
61304161,29090301
61304161,29110107
61304161,29020601
61304161,29041601
61304161,21040602
61304161,23050801
61304161,19020401
61304161,29110207
61304161,37110390
61304161,30021690
61304161,21100101
61304161,24230590
61304161,21040901
61304161,21100420
61304161,29090201
61304161,19020402
61304161,40011501
61304161,24240702
61304161,29040701
61304161,21049090
61304161,21040105
61304161,29029004
61304161,19060106
61304161,40200102
61304161,24221001
61304161,21040401
61304161,23330190
61304161,21059202
61304161,24230309
61304161,21170616
61304161,29043001
61304161,21100405
61304161,23110701
61304161,21109102
61306537,19020102
61306537,19020402
61306537,27260701
61306537,19030312
61306537,19069203
61306537,40011201
61306537,21040401
61306537,27050401
61306537,23110102
61306537,19020401
61306537,27061801
61306537,21040301
61306537,24321202
61306537,29120102
61306537,27140702
61306537,19039190
61306537,21040402
61306537,19019201
61306537,24360204
61306537,40200102
61306537,19030209
61306537,27142604
61306537,19080702
61306537,21040602
61306537,27062001
61306537,19030506
61306537,19030501
61306537,21040302
61306537,24321602
61306537,19020503
61306537,24210590
61306537,19010105
61306537,29110107
61306537,29029004
61306537,27140602
61306537,24289090
61306537,29110105
61306537,27200301
61306537,24301610
61306537,23110701
61306537,19030103
61306537,19030308
61306537,27400201
61306537,21080101
61306537,21010101
61306537,27141104
61306537,24210113
61306537,21089101
61306537,24280890
61306537,27060304
61310533,27050401
61310533,19069203
61310533,40011201
61310533,27061801
61310533,19020401
61310533,21040401
61310533,24360105
61310533,24200101
61310533,19030312
61310533,19020402
61310533,24210590
61310533,24321202
61310533,40011301
61310533,24360204
61310533,19020503
61310533,21100420
61310533,27119001
61310533,27294101
61310533,24240501
61310533,27260701
61310533,27142604
61310533,24292002
61310533,21040301
61310533,21040402
61310533,27371003
61310533,29120102
61310533,21100421
61310533,19019201
61310533,23330190
61310533,24200201
61310533,27140702
61310533,21041105
61310533,24260601
61310533,27144042
61310533,24260103
61310533,27140602
61310533,21010101
61310533,19069092
61310533,19030209
61310533,24290101
61310533,24240702
61310533,40011501
61310533,24250401
61310533,23110102
61310533,24289090
61310533,29090301
61310533,27371302
61310533,21040105
61310533,24210401
61310533,19030103
61332144,27050401
61332144,24260601
61332144,24321202
61332144,24290101
61332144,24321602
61332144,29120102
61332144,24240501
61332144,24220602
61332144,21040401
61332144,24250401
61332144,24260203
61332144,21040301
61332144,24262301
61332144,24260103
61332144,24241604
61332144,24289090
61332144,24300902
61332144,24241607
61332144,24241701
61332144,27260701
61332144,24292001
61332144,24292002
61332144,24220107
61332144,24220701
61332144,21010101
61332144,24200101
61332144,24230590
61332144,24291101
61332144,24210590
61332144,40011201
61332144,24291601
61332144,21040202
61332144,30021302
61332144,24230490
61332144,24290301
61332144,21100101
61332144,24330301
61332144,24240702
61332144,24350103
61332144,21040601
61332144,27061801
61332144,21059202
61332144,24220401
61332144,24220102
61332144,24210401
61332144,24251901
61332144,24290308
61332144,24240101
61332144,24260101
61332144,24292701
61340705,40011201
61340705,19069203
61340705,40011301
61340705,24200101
61340705,27050401
61340705,19020401
61340705,23070601
61340705,29120102
61340705,19030312
61340705,19020102
61340705,24260601
61340705,23110102
61340705,19020402
61340705,24321202
61340705,24230590
61340705,37110190
61340705,19030209
61340705,24250401
61340705,19029003
61340705,23330190
61340705,19060101
61340705,21100420
61340705,27061801
61340705,21079105
61340705,40030212
61340705,24200201
61340705,19020503
61340705,21010101
61340705,19089204
61340705,30021690
61340705,21040401
61340705,24210113
61340705,24240702
61340705,20030106
61340705,21059202
61340705,21040602
61340705,19020208
61340705,40200102
61340705,19030501
61340705,23060102
61340705,24260203
61340705,24262301
61340705,24210590
61340705,24240501
61340705,20270104
61340705,24292002
61340705,24241401
61340705,24292001
61340705,21059106
61340705,19019201
61349064,19060106
61349064,19069203
61349064,24200101
61349064,24360105
61349064,24210590
61349064,19010108
61349064,19020102
61349064,19020401
61349064,19020402
61349064,19019201
61349064,40011201
61349064,19030312
61349064,19010107
61349064,24360204
61349064,24260601
61349064,24290101
61349064,24321202
61349064,27142604
61349064,19010105
61349064,29041601
61349064,29120102
61349064,29042901
61349064,29043801
61349064,24260103
61349064,21070301
61349064,29043001
61349064,19020503
61349064,27050604
61349064,27050401
61349064,21040602
61349064,19020208
61349064,40030201
61349064,30021302
61349064,19039190
61349064,29043902
61349064,21100420
61349064,21040301
61349064,24242502
61349064,24290301
61349064,24250401
61349064,21040401
61349064,27119001
61349064,19069205
61349064,40030212
61349064,24241701
61349064,29020601
61349064,24220602
61349064,24301705
61349064,21059106
61349064,19030103
61354490,21010101
61354490,21040401
61354490,28079101
61354490,21040301
61354490,27061801
61354490,27050401
61354490,21040105
61354490,27260701
61354490,21011318
61354490,24240501
61354490,21011603
61354490,24290101
61354490,21100101
61354490,21040202
61354490,27294290
61354490,23070601
61354490,21100420
61354490,21040402
61354490,27140602
61354490,23330190
61354490,23110701
61354490,24321202
61354490,24260103
61354490,30021690
61354490,21010504
61354490,30280101
61354490,27061803
61354490,24250401
61354490,29110107
61354490,24200201
61354490,29120102
61354490,24289090
61354490,19020102
61354490,37110390
61354490,37070514
61354490,27142604
61354490,23110111
61354490,21011311
61354490,30021302
61354490,27294101
61354490,24260601
61354490,24210401
61354490,29110202
61354490,21010102
61354490,24292002
61354490,21059202
61354490,27299220
61354490,27200301
61354490,24300902
61354490,21040602
61372435,40011201
61372435,40011301
61372435,21070301
61372435,29120102
61372435,40010102
61372435,27050401
61372435,21070101
61372435,21100701
61372435,21041004
61372435,21059202
61372435,40011302
61372435,29119090
61372435,40200102
61372435,29110110
61372435,21041001
61372435,40020301
61372435,27142602
61372435,21040402
61372435,40011501
61372435,29110107
61372435,27140702
61372435,37110190
61372435,29110201
61372435,22540202
61372435,21049090
61372435,29110202
61372435,21040602
61372435,21100420
61372435,29110206
61372435,21040603
61372435,22549901
61372435,40020201
61372435,40010402
61372435,40030201
61372435,21040301
61372435,21051690
61372435,23170201
61372435,21059106
61372435,21010101
61372435,21100401
61372435,29110204
61372435,29029004
61372435,30021404
61372435,40200202
61372435,40011401
61372435,22510190
61372435,30021690
61372435,40200103
61372435,21100101
61372435,30021301
61454619,29042901
61454619,24260103
61454619,27050401
61454619,24220107
61454619,24250401
61454619,24220602
61454619,24240501
61454619,24230490
61454619,29043801
61454619,24321202
61454619,29041601
61454619,24241701
61454619,29043001
61454619,24300902
61454619,24240701
61454619,24260203
61454619,24242502
61454619,24220401
61454619,24210401
61454619,24220102
61454619,24300301
61454619,27110310
61454619,30021401
61454619,24290101
61454619,24290308
61454619,19069203
61454619,24241604
61454619,24291304
61454619,29120102
61454619,24292001
61454619,24290401
61454619,24270290
61454619,24291601
61454619,24241401
61454619,24220701
61454619,24291502
61454619,24260101
61454619,24220104
61454619,24230101
61454619,24280890
61454619,24311902
61454619,24321602
61454619,24240601
61454619,24230590
61454619,24289090
61454619,40200102
61454619,24300304
61454619,24260105
61454619,24240702
61454619,24230301
61457883,24200201
61457883,29069090
61457883,23110111
61457883,27050401
61457883,40011201
61457883,24260601
61457883,27061801
61457883,19069203
61457883,40010302
61457883,19030312
61457883,24200101
61457883,29120102
61457883,40011301
61457883,24321202
61457883,27140702
61457883,19020401
61457883,24290101
61457883,21010101
61457883,40200102
61457883,24210501
61457883,21070301
61457883,21040402
61457883,21059202
61457883,23190110
61457883,21011603
61457883,24289090
61457883,41010302
61457883,40011102
61457883,27110690
61457883,24240501
61457883,40020201
61457883,24230309
61457883,21100701
61457883,19020402
61457883,21040602
61457883,24250401
61457883,19080702
61457883,21040301
61457883,24262301
61457883,24321602
61457883,24230590
61457883,24241601
61457883,40020501
61457883,29029004
61457883,27142604
61457883,24221001
61457883,21052190
61457883,24220602
61457883,23330390
61457883,24241606
61507386,27050401
61507386,23110701
61507386,23110101
61507386,21010101
61507386,24200201
61507386,23090101
61507386,21079104
61507386,21040301
61507386,27061801
61507386,27260701
61507386,21100101
61507386,21040401
61507386,29120102
61507386,21059202
61507386,21040105
61507386,21100420
61507386,27119001
61507386,21089290
61507386,21040202
61507386,24321202
61507386,21011311
61507386,24301802
61507386,19030209
61507386,27110690
61507386,23070601
61507386,27061803
61507386,23050801
61507386,24260601
61507386,21040220
61507386,27250203
61507386,37110190
61507386,21043090
61507386,19069203
61507386,21011603
61507386,27260201
61507386,21011318
61507386,27149109
61507386,21079105
61507386,23149102
61507386,27371003
61507386,27371302
61507386,23060102
61507386,21040901
61507386,40200102
61507386,24200101
61507386,27149102
61507386,27149115
61507386,27371601
61507386,23110102
61507386,27143424
61811421,27050401
61811421,21040401
61811421,21040402
61811421,21040301
61811421,24260103
61811421,21010101
61811421,24290101
61811421,24262301
61811421,24240501
61811421,24260203
61811421,24250401
61811421,21040202
61811421,24321202
61811421,24240702
61811421,21040602
61811421,24292001
61811421,24289090
61811421,24262302
61811421,24292002
61811421,21040105
61811421,21170306
61811421,24321602
61811421,24350103
61811421,24241601
61811421,24230590
61811421,24210401
61811421,21040601
61811421,27119001
61811421,30021302
61811421,21100420
61811421,24300902
61811421,21100101
61811421,21079104
61811421,24290301
61811421,24270290
61811421,24241604
61811421,24240701
61811421,21059202
61811421,24220602
61811421,24220701
61811421,24241701
61811421,30280101
61811421,21070301
61811421,27260701
61811421,21049090
61811421,29042901
61811421,24230301
61811421,20030106
61811421,24241608
61811421,24301502
61846616,24360105
61846616,24210590
61846616,19020402
61846616,29043801
61846616,19030312
61846616,19019201
61846616,27050604
61846616,21100420
61846616,19089204
61846616,29090301
61846616,27050401
61846616,29120102
61846616,27061801
61846616,21040202
61846616,27260701
61846616,24210501
61846616,19039190
61846616,21040301
61846616,29042901
61846616,21040105
61846616,29090390
61846616,19080501
61846616,21040401
61846616,27119001
61846616,19020401
61846616,24321602
61846616,19030506
61846616,29090201
61846616,29041601
61846616,19069092
61846616,19030501
61846616,37110390
61846616,27260801
61846616,24321202
61846616,27110690
61846616,19020503
61846616,19030209
61846616,24310302
61846616,19030503
61846616,24210112
61846616,27294290
61846616,24260601
61846616,24210113
61846616,40020301
61846616,27294201
61846616,21040402
61846616,21040190
61846616,27110310
61846616,41010302
61846616,29069090
61855469,24200201
61855469,24289090
61855469,27050401
61855469,29120102
61855469,29043801
61855469,21100420
61855469,24200101
61855469,29042901
61855469,27061801
61855469,29043001
61855469,19030312
61855469,24321202
61855469,28090107
61855469,21070301
61855469,24290101
61855469,19020401
61855469,24360204
61855469,29041601
61855469,19029003
61855469,40200102
61855469,21040401
61855469,24301610
61855469,40011201
61855469,30021611
61855469,22360101
61855469,40011301
61855469,22549090
61855469,30021302
61855469,29090301
61855469,24301705
61855469,19069203
61855469,19020402
61855469,27110690
61855469,27142604
61855469,24262301
61855469,27140702
61855469,24220602
61855469,29043902
61855469,27110636
61855469,27110310
61855469,29020101
61855469,24292002
61855469,23060101
61855469,19069092
61855469,30021701
61855469,21040602
61855469,24300902
61855469,24360105
61855469,24250401
61855469,24311101
61859145,29120102
61859145,24321202
61859145,21040401
61859145,27050401
61859145,27260701
61859145,24200101
61859145,40200102
61859145,24289090
61859145,27270990
61859145,27144042
61859145,24240501
61859145,27270902
61859145,24270290
61859145,24200201
61859145,24260103
61859145,27371601
61859145,30021302
61859145,21100101
61859145,21109102
61859145,29110105
61859145,24250401
61859145,27290201
61859145,21100420
61859145,21040301
61859145,24260203
61859145,21070301
61859145,24290101
61859145,24220602
61859145,29080190
61859145,40200103
61859145,24330301
61859145,19029003
61859145,27140702
61859145,21010101
61859145,24300902
61859145,24241607
61859145,27270101
61859145,24240702
61859145,24230490
61859145,37110190
61859145,37110390
61859145,24210401
61859145,21059202
61859145,21100412
61859145,27371003
61859145,30021404
61859145,21040402
61859145,22540190
61859145,24242502
61859145,30021690
61884486,27050401
61884486,27050604
61884486,24360105
61884486,21040401
61884486,24210590
61884486,27119001
61884486,29042901
61884486,21040402
61884486,21010101
61884486,24200101
61884486,29120102
61884486,21059202
61884486,21040301
61884486,19020402
61884486,21040202
61884486,37110390
61884486,29043801
61884486,30021404
61884486,37110190
61884486,21100101
61884486,23190110
61884486,24200201
61884486,21040602
61884486,29043001
61884486,19030312
61884486,19020401
61884486,30021690
61884486,29110107
61884486,23090101
61884486,24360204
61884486,29090201
61884486,27110636
61884486,24350103
61884486,23330190
61884486,29100201
61884486,19020102
61884486,27142604
61884486,23110111
61884486,21011318
61884486,37110302
61884486,29090301
61884486,29041601
61884486,24321202
61884486,23060101
61884486,21100420
61884486,24240501
61884486,19030209
61884486,21043090
61884486,30280101
61884486,21011603
61896930,21010101
61896930,40011301
61896930,40010102
61896930,40011201
61896930,21040401
61896930,21040402
61896930,40010302
61896930,21010210
61896930,21040301
61896930,21040105
61896930,27050401
61896930,21040202
61896930,40010101
61896930,21010504
61896930,27260701
61896930,21011318
61896930,21011603
61896930,40010801
61896930,24360105
61896930,21100420
61896930,24200201
61896930,27110636
61896930,21010202
61896930,21040208
61896930,40011401
61896930,24210590
61896930,24260601
61896930,21079105
61896930,21049090
61896930,27119001
61896930,37110390
61896930,21040602
61896930,24240702
61896930,24200101
61896930,21040190
61896930,21040302
61896930,21040220
61896930,27110690
61896930,27260801
61896930,21041105
61896930,21059290
61896930,21042101
61896930,21040206
61896930,24321202
61896930,21170306
61896930,21040601
61896930,21011305
61896930,27061801
61896930,21040801
61896930,21040603
61917844,24200201
61917844,24321202
61917844,24300902
61917844,24290101
61917844,27050401
61917844,40011201
61917844,19069203
61917844,24200101
61917844,21100420
61917844,24240501
61917844,24289090
61917844,21040602
61917844,29120102
61917844,24250401
61917844,24270290
61917844,40200202
61917844,21070301
61917844,20270104
61917844,24241604
61917844,19020401
61917844,29029004
61917844,24292002
61917844,36419090
61917844,21040601
61917844,24321602
61917844,19020402
61917844,19030312
61917844,24260103
61917844,24260601
61917844,27119001
61917844,40010801
61917844,20269090
61917844,24240702
61917844,24320502
61917844,27061801
61917844,24300908
61917844,27294101
61917844,24241701
61917844,24220602
61917844,24210112
61917844,29100201
61917844,27294290
61917844,27110310
61917844,24240701
61917844,24330301
61917844,24292001
61917844,29090201
61917844,21100701
61917844,24260203
61917844,21040401
61920415,19030312
61920415,27050401
61920415,19069203
61920415,19030209
61920415,24210590
61920415,24360105
61920415,27061801
61920415,19020102
61920415,27050604
61920415,27260701
61920415,19020402
61920415,24200201
61920415,19020401
61920415,24210112
61920415,24301808
61920415,24210401
61920415,19030501
61920415,24321202
61920415,24210113
61920415,24200101
61920415,27061803
61920415,23330207
61920415,19039190
61920415,27140702
61920415,21100420
61920415,19020503
61920415,27142604
61920415,19089204
61920415,24360204
61920415,19030506
61920415,27140602
61920415,19019201
61920415,19069092
61920415,27144042
61920415,19030308
61920415,19089203
61920415,24301802
61920415,27110636
61920415,29120102
61920415,21040401
61920415,27371901
61920415,40011201
61920415,27062001
61920415,19030505
61920415,19080702
61920415,24260601
61920415,19030101
61920415,19030511
61920415,30021507
61920415,19030117
61933687,27050401
61933687,24360105
61933687,29120102
61933687,24210590
61933687,27061801
61933687,19030312
61933687,21040401
61933687,21040301
61933687,27050604
61933687,24200201
61933687,27119001
61933687,21100420
61933687,27260701
61933687,21100101
61933687,21010101
